date,sales,sales_diff,lag_1,lag_2,lag_3,lag_4,lag_5,lag_6,lag_7,lag_8,lag_9,lag_10,lag_11,lag_12
2023-10-07 02:02:01,100,0.0,0.0,0.0,-100.0,100.0,0.0,0.0,0.0,0.0,-200.0,200.0,0.0,0.0
2023-10-07 02:03:33,100,0.0,0.0,0.0,0.0,-100.0,100.0,0.0,0.0,0.0,0.0,-200.0,200.0,0.0
2023-10-07 02:05:04,200,100.0,0.0,0.0,0.0,0.0,-100.0,100.0,0.0,0.0,0.0,0.0,-200.0,200.0
2023-10-07 02:05:17,100,-100.0,100.0,0.0,0.0,0.0,0.0,-100.0,100.0,0.0,0.0,0.0,0.0,-200.0
2023-10-07 02:08:34,100,0.0,-100.0,100.0,0.0,0.0,0.0,0.0,-100.0,100.0,0.0,0.0,0.0,0.0
2023-10-07 02:11:44,100,0.0,0.0,-100.0,100.0,0.0,0.0,0.0,0.0,-100.0,100.0,0.0,0.0,0.0
2023-10-07 02:12:12,100,0.0,0.0,0.0,-100.0,100.0,0.0,0.0,0.0,0.0,-100.0,100.0,0.0,0.0
2023-10-07 02:15:48,100,0.0,0.0,0.0,0.0,-100.0,100.0,0.0,0.0,0.0,0.0,-100.0,100.0,0.0
2023-10-07 02:16:09,100,0.0,0.0,0.0,0.0,0.0,-100.0,100.0,0.0,0.0,0.0,0.0,-100.0,100.0
2023-10-07 02:17:42,100,0.0,0.0,0.0,0.0,0.0,0.0,-100.0,100.0,0.0,0.0,0.0,0.0,-100.0
2023-10-07 02:19:10,100,0.0,0.0,0.0,0.0,0.0,0.0,0.0,-100.0,100.0,0.0,0.0,0.0,0.0
2023-10-07 02:20:18,100,0.0,0.0,0.0,0.0,0.0,0.0,0.0,0.0,-100.0,100.0,0.0,0.0,0.0
2023-10-07 02:21:37,100,0.0,0.0,0.0,0.0,0.0,0.0,0.0,0.0,0.0,-100.0,100.0,0.0,0.0
2023-10-07 02:26:54,200,100.0,0.0,0.0,0.0,0.0,0.0,0.0,0.0,0.0,0.0,-100.0,100.0,0.0
2023-10-07 02:27:34,300,100.0,100.0,0.0,0.0,0.0,0.0,0.0,0.0,0.0,0.0,0.0,-100.0,100.0
2023-10-07 02:29:46,100,-200.0,100.0,100.0,0.0,0.0,0.0,0.0,0.0,0.0,0.0,0.0,0.0,-100.0
2023-10-07 02:30:41,300,200.0,-200.0,100.0,100.0,0.0,0.0,0.0,0.0,0.0,0.0,0.0,0.0,0.0
2023-10-07 02:30:57,200,-100.0,200.0,-200.0,100.0,100.0,0.0,0.0,0.0,0.0,0.0,0.0,0.0,0.0
2023-10-07 02:32:39,200,0.0,-100.0,200.0,-200.0,100.0,100.0,0.0,0.0,0.0,0.0,0.0,0.0,0.0
2023-10-07 02:34:11,100,-100.0,0.0,-100.0,200.0,-200.0,100.0,100.0,0.0,0.0,0.0,0.0,0.0,0.0
2023-10-07 02:38:23,100,0.0,-100.0,0.0,-100.0,200.0,-200.0,100.0,100.0,0.0,0.0,0.0,0.0,0.0
2023-10-07 02:42:55,100,0.0,0.0,-100.0,0.0,-100.0,200.0,-200.0,100.0,100.0,0.0,0.0,0.0,0.0
2023-10-07 02:43:01,200,100.0,0.0,0.0,-100.0,0.0,-100.0,200.0,-200.0,100.0,100.0,0.0,0.0,0.0
2023-10-07 02:50:41,100,-100.0,100.0,0.0,0.0,-100.0,0.0,-100.0,200.0,-200.0,100.0,100.0,0.0,0.0
2023-10-07 02:51:11,100,0.0,-100.0,100.0,0.0,0.0,-100.0,0.0,-100.0,200.0,-200.0,100.0,100.0,0.0
2023-10-07 02:52:56,100,0.0,0.0,-100.0,100.0,0.0,0.0,-100.0,0.0,-100.0,200.0,-200.0,100.0,100.0
2023-10-07 02:56:16,100,0.0,0.0,0.0,-100.0,100.0,0.0,0.0,-100.0,0.0,-100.0,200.0,-200.0,100.0
2023-10-07 02:56:18,100,0.0,0.0,0.0,0.0,-100.0,100.0,0.0,0.0,-100.0,0.0,-100.0,200.0,-200.0
2023-10-07 02:57:26,100,0.0,0.0,0.0,0.0,0.0,-100.0,100.0,0.0,0.0,-100.0,0.0,-100.0,200.0
2023-10-07 03:02:09,100,0.0,0.0,0.0,0.0,0.0,0.0,-100.0,100.0,0.0,0.0,-100.0,0.0,-100.0
2023-10-07 07:50:27,100,0.0,0.0,0.0,0.0,0.0,0.0,0.0,-100.0,100.0,0.0,0.0,-100.0,0.0
2023-10-07 08:09:22,100,0.0,0.0,0.0,0.0,0.0,0.0,0.0,0.0,-100.0,100.0,0.0,0.0,-100.0
2023-10-07 08:21:10,100,0.0,0.0,0.0,0.0,0.0,0.0,0.0,0.0,0.0,-100.0,100.0,0.0,0.0
2023-10-07 08:43:15,100,0.0,0.0,0.0,0.0,0.0,0.0,0.0,0.0,0.0,0.0,-100.0,100.0,0.0
2023-10-07 08:57:44,100,0.0,0.0,0.0,0.0,0.0,0.0,0.0,0.0,0.0,0.0,0.0,-100.0,100.0
2023-10-07 09:40:47,200,100.0,0.0,0.0,0.0,0.0,0.0,0.0,0.0,0.0,0.0,0.0,0.0,-100.0
2023-10-07 09:56:30,200,0.0,100.0,0.0,0.0,0.0,0.0,0.0,0.0,0.0,0.0,0.0,0.0,0.0
2023-10-07 09:56:51,200,0.0,0.0,100.0,0.0,0.0,0.0,0.0,0.0,0.0,0.0,0.0,0.0,0.0
2023-10-07 09:59:31,100,-100.0,0.0,0.0,100.0,0.0,0.0,0.0,0.0,0.0,0.0,0.0,0.0,0.0
2023-10-07 10:08:16,100,0.0,-100.0,0.0,0.0,100.0,0.0,0.0,0.0,0.0,0.0,0.0,0.0,0.0
2023-10-07 10:41:06,100,0.0,0.0,-100.0,0.0,0.0,100.0,0.0,0.0,0.0,0.0,0.0,0.0,0.0
2023-10-07 11:01:57,300,200.0,0.0,0.0,-100.0,0.0,0.0,100.0,0.0,0.0,0.0,0.0,0.0,0.0
2023-10-07 11:04:03,100,-200.0,200.0,0.0,0.0,-100.0,0.0,0.0,100.0,0.0,0.0,0.0,0.0,0.0
2023-10-07 11:19:49,300,200.0,-200.0,200.0,0.0,0.0,-100.0,0.0,0.0,100.0,0.0,0.0,0.0,0.0
2023-10-07 11:31:24,100,-200.0,200.0,-200.0,200.0,0.0,0.0,-100.0,0.0,0.0,100.0,0.0,0.0,0.0
2023-10-07 11:34:54,200,100.0,-200.0,200.0,-200.0,200.0,0.0,0.0,-100.0,0.0,0.0,100.0,0.0,0.0
2023-10-07 11:48:57,100,-100.0,100.0,-200.0,200.0,-200.0,200.0,0.0,0.0,-100.0,0.0,0.0,100.0,0.0
2023-10-07 11:49:54,100,0.0,-100.0,100.0,-200.0,200.0,-200.0,200.0,0.0,0.0,-100.0,0.0,0.0,100.0
2023-10-07 11:55:34,100,0.0,0.0,-100.0,100.0,-200.0,200.0,-200.0,200.0,0.0,0.0,-100.0,0.0,0.0
2023-10-07 12:02:06,100,0.0,0.0,0.0,-100.0,100.0,-200.0,200.0,-200.0,200.0,0.0,0.0,-100.0,0.0
2023-10-07 12:28:15,100,0.0,0.0,0.0,0.0,-100.0,100.0,-200.0,200.0,-200.0,200.0,0.0,0.0,-100.0
2023-10-07 12:41:23,100,0.0,0.0,0.0,0.0,0.0,-100.0,100.0,-200.0,200.0,-200.0,200.0,0.0,0.0
2023-10-07 12:53:57,100,0.0,0.0,0.0,0.0,0.0,0.0,-100.0,100.0,-200.0,200.0,-200.0,200.0,0.0
2023-10-07 12:55:59,100,0.0,0.0,0.0,0.0,0.0,0.0,0.0,-100.0,100.0,-200.0,200.0,-200.0,200.0
2023-10-07 12:57:23,100,0.0,0.0,0.0,0.0,0.0,0.0,0.0,0.0,-100.0,100.0,-200.0,200.0,-200.0
2023-10-09 01:54:34,100,0.0,0.0,0.0,0.0,0.0,0.0,0.0,0.0,0.0,-100.0,100.0,-200.0,200.0
2023-10-09 07:12:33,100,0.0,0.0,0.0,0.0,0.0,0.0,0.0,0.0,0.0,0.0,-100.0,100.0,-200.0
2023-10-09 07:20:28,200,100.0,0.0,0.0,0.0,0.0,0.0,0.0,0.0,0.0,0.0,0.0,-100.0,100.0
2023-10-09 07:23:36,100,-100.0,100.0,0.0,0.0,0.0,0.0,0.0,0.0,0.0,0.0,0.0,0.0,-100.0
2023-10-09 07:26:30,100,0.0,-100.0,100.0,0.0,0.0,0.0,0.0,0.0,0.0,0.0,0.0,0.0,0.0
2023-10-09 07:28:26,100,0.0,0.0,-100.0,100.0,0.0,0.0,0.0,0.0,0.0,0.0,0.0,0.0,0.0
2023-10-09 07:30:24,100,0.0,0.0,0.0,-100.0,100.0,0.0,0.0,0.0,0.0,0.0,0.0,0.0,0.0
2023-10-09 07:31:38,100,0.0,0.0,0.0,0.0,-100.0,100.0,0.0,0.0,0.0,0.0,0.0,0.0,0.0
2023-10-09 07:33:07,100,0.0,0.0,0.0,0.0,0.0,-100.0,100.0,0.0,0.0,0.0,0.0,0.0,0.0
2023-10-09 07:35:14,100,0.0,0.0,0.0,0.0,0.0,0.0,-100.0,100.0,0.0,0.0,0.0,0.0,0.0
2023-10-09 07:37:25,300,200.0,0.0,0.0,0.0,0.0,0.0,0.0,-100.0,100.0,0.0,0.0,0.0,0.0
2023-10-09 07:38:37,300,0.0,200.0,0.0,0.0,0.0,0.0,0.0,0.0,-100.0,100.0,0.0,0.0,0.0
2023-10-09 07:38:45,100,-200.0,0.0,200.0,0.0,0.0,0.0,0.0,0.0,0.0,-100.0,100.0,0.0,0.0
2023-10-09 07:39:50,100,0.0,-200.0,0.0,200.0,0.0,0.0,0.0,0.0,0.0,0.0,-100.0,100.0,0.0
2023-10-09 07:40:17,200,100.0,0.0,-200.0,0.0,200.0,0.0,0.0,0.0,0.0,0.0,0.0,-100.0,100.0
2023-10-09 07:42:27,100,-100.0,100.0,0.0,-200.0,0.0,200.0,0.0,0.0,0.0,0.0,0.0,0.0,-100.0
2023-10-09 07:44:23,300,200.0,-100.0,100.0,0.0,-200.0,0.0,200.0,0.0,0.0,0.0,0.0,0.0,0.0
2023-10-09 07:45:19,100,-200.0,200.0,-100.0,100.0,0.0,-200.0,0.0,200.0,0.0,0.0,0.0,0.0,0.0
2023-10-09 07:48:40,100,0.0,-200.0,200.0,-100.0,100.0,0.0,-200.0,0.0,200.0,0.0,0.0,0.0,0.0
2023-10-09 07:55:18,100,0.0,0.0,-200.0,200.0,-100.0,100.0,0.0,-200.0,0.0,200.0,0.0,0.0,0.0
2023-10-09 07:55:31,100,0.0,0.0,0.0,-200.0,200.0,-100.0,100.0,0.0,-200.0,0.0,200.0,0.0,0.0
2023-10-09 07:56:49,100,0.0,0.0,0.0,0.0,-200.0,200.0,-100.0,100.0,0.0,-200.0,0.0,200.0,0.0
2023-10-09 07:57:15,100,0.0,0.0,0.0,0.0,0.0,-200.0,200.0,-100.0,100.0,0.0,-200.0,0.0,200.0
2023-10-09 08:01:51,300,200.0,0.0,0.0,0.0,0.0,0.0,-200.0,200.0,-100.0,100.0,0.0,-200.0,0.0
2023-10-09 08:06:23,100,-200.0,200.0,0.0,0.0,0.0,0.0,0.0,-200.0,200.0,-100.0,100.0,0.0,-200.0
2023-10-09 08:09:23,100,0.0,-200.0,200.0,0.0,0.0,0.0,0.0,0.0,-200.0,200.0,-100.0,100.0,0.0
2023-10-09 08:11:46,100,0.0,0.0,-200.0,200.0,0.0,0.0,0.0,0.0,0.0,-200.0,200.0,-100.0,100.0
2023-10-09 08:19:33,100,0.0,0.0,0.0,-200.0,200.0,0.0,0.0,0.0,0.0,0.0,-200.0,200.0,-100.0
2023-10-09 08:20:44,100,0.0,0.0,0.0,0.0,-200.0,200.0,0.0,0.0,0.0,0.0,0.0,-200.0,200.0
2023-10-09 08:24:42,300,200.0,0.0,0.0,0.0,0.0,-200.0,200.0,0.0,0.0,0.0,0.0,0.0,-200.0
2023-10-09 08:27:20,100,-200.0,200.0,0.0,0.0,0.0,0.0,-200.0,200.0,0.0,0.0,0.0,0.0,0.0
2023-10-09 08:29:13,100,0.0,-200.0,200.0,0.0,0.0,0.0,0.0,-200.0,200.0,0.0,0.0,0.0,0.0
2023-10-09 08:29:37,100,0.0,0.0,-200.0,200.0,0.0,0.0,0.0,0.0,-200.0,200.0,0.0,0.0,0.0
2023-10-09 08:33:57,300,200.0,0.0,0.0,-200.0,200.0,0.0,0.0,0.0,0.0,-200.0,200.0,0.0,0.0
2023-10-09 08:36:33,100,-200.0,200.0,0.0,0.0,-200.0,200.0,0.0,0.0,0.0,0.0,-200.0,200.0,0.0
2023-10-09 08:36:38,100,0.0,-200.0,200.0,0.0,0.0,-200.0,200.0,0.0,0.0,0.0,0.0,-200.0,200.0
2023-10-09 08:58:02,200,100.0,0.0,-200.0,200.0,0.0,0.0,-200.0,200.0,0.0,0.0,0.0,0.0,-200.0
2023-10-09 09:30:58,100,-100.0,100.0,0.0,-200.0,200.0,0.0,0.0,-200.0,200.0,0.0,0.0,0.0,0.0
2023-10-09 09:32:19,100,0.0,-100.0,100.0,0.0,-200.0,200.0,0.0,0.0,-200.0,200.0,0.0,0.0,0.0
2023-10-09 10:11:24,100,0.0,0.0,-100.0,100.0,0.0,-200.0,200.0,0.0,0.0,-200.0,200.0,0.0,0.0
2023-10-09 10:18:14,100,0.0,0.0,0.0,-100.0,100.0,0.0,-200.0,200.0,0.0,0.0,-200.0,200.0,0.0
2023-10-09 10:19:50,100,0.0,0.0,0.0,0.0,-100.0,100.0,0.0,-200.0,200.0,0.0,0.0,-200.0,200.0
2023-10-09 10:23:04,100,0.0,0.0,0.0,0.0,0.0,-100.0,100.0,0.0,-200.0,200.0,0.0,0.0,-200.0
2023-10-09 10:25:14,100,0.0,0.0,0.0,0.0,0.0,0.0,-100.0,100.0,0.0,-200.0,200.0,0.0,0.0
2023-10-09 10:27:19,100,0.0,0.0,0.0,0.0,0.0,0.0,0.0,-100.0,100.0,0.0,-200.0,200.0,0.0
2023-10-09 10:27:55,100,0.0,0.0,0.0,0.0,0.0,0.0,0.0,0.0,-100.0,100.0,0.0,-200.0,200.0
2023-10-09 10:28:24,100,0.0,0.0,0.0,0.0,0.0,0.0,0.0,0.0,0.0,-100.0,100.0,0.0,-200.0
2023-10-09 10:30:13,100,0.0,0.0,0.0,0.0,0.0,0.0,0.0,0.0,0.0,0.0,-100.0,100.0,0.0
2023-10-09 10:34:01,100,0.0,0.0,0.0,0.0,0.0,0.0,0.0,0.0,0.0,0.0,0.0,-100.0,100.0
2023-10-09 11:18:07,100,0.0,0.0,0.0,0.0,0.0,0.0,0.0,0.0,0.0,0.0,0.0,0.0,-100.0
2023-10-09 11:50:14,100,0.0,0.0,0.0,0.0,0.0,0.0,0.0,0.0,0.0,0.0,0.0,0.0,0.0
2023-10-09 12:57:53,100,0.0,0.0,0.0,0.0,0.0,0.0,0.0,0.0,0.0,0.0,0.0,0.0,0.0
2023-10-10 07:58:09,100,0.0,0.0,0.0,0.0,0.0,0.0,0.0,0.0,0.0,0.0,0.0,0.0,0.0
2023-10-10 08:33:30,100,0.0,0.0,0.0,0.0,0.0,0.0,0.0,0.0,0.0,0.0,0.0,0.0,0.0
2023-10-10 08:41:46,100,0.0,0.0,0.0,0.0,0.0,0.0,0.0,0.0,0.0,0.0,0.0,0.0,0.0
2023-10-10 08:57:19,100,0.0,0.0,0.0,0.0,0.0,0.0,0.0,0.0,0.0,0.0,0.0,0.0,0.0
2023-10-10 09:42:40,100,0.0,0.0,0.0,0.0,0.0,0.0,0.0,0.0,0.0,0.0,0.0,0.0,0.0
2023-10-10 09:43:29,100,0.0,0.0,0.0,0.0,0.0,0.0,0.0,0.0,0.0,0.0,0.0,0.0,0.0
2023-10-10 09:47:32,100,0.0,0.0,0.0,0.0,0.0,0.0,0.0,0.0,0.0,0.0,0.0,0.0,0.0
2023-10-10 09:54:18,200,100.0,0.0,0.0,0.0,0.0,0.0,0.0,0.0,0.0,0.0,0.0,0.0,0.0
2023-10-10 09:55:00,300,100.0,100.0,0.0,0.0,0.0,0.0,0.0,0.0,0.0,0.0,0.0,0.0,0.0
2023-10-10 09:55:48,200,-100.0,100.0,100.0,0.0,0.0,0.0,0.0,0.0,0.0,0.0,0.0,0.0,0.0
2023-10-10 09:56:37,100,-100.0,-100.0,100.0,100.0,0.0,0.0,0.0,0.0,0.0,0.0,0.0,0.0,0.0
2023-10-10 09:57:23,100,0.0,-100.0,-100.0,100.0,100.0,0.0,0.0,0.0,0.0,0.0,0.0,0.0,0.0
2023-10-10 09:58:13,300,200.0,0.0,-100.0,-100.0,100.0,100.0,0.0,0.0,0.0,0.0,0.0,0.0,0.0
2023-10-10 09:59:19,100,-200.0,200.0,0.0,-100.0,-100.0,100.0,100.0,0.0,0.0,0.0,0.0,0.0,0.0
2023-10-10 10:05:41,100,0.0,-200.0,200.0,0.0,-100.0,-100.0,100.0,100.0,0.0,0.0,0.0,0.0,0.0
2023-10-10 10:12:19,200,100.0,0.0,-200.0,200.0,0.0,-100.0,-100.0,100.0,100.0,0.0,0.0,0.0,0.0
2023-10-10 10:14:49,100,-100.0,100.0,0.0,-200.0,200.0,0.0,-100.0,-100.0,100.0,100.0,0.0,0.0,0.0
2023-10-10 10:18:28,100,0.0,-100.0,100.0,0.0,-200.0,200.0,0.0,-100.0,-100.0,100.0,100.0,0.0,0.0
2023-10-10 10:25:04,100,0.0,0.0,-100.0,100.0,0.0,-200.0,200.0,0.0,-100.0,-100.0,100.0,100.0,0.0
2023-10-10 10:28:36,200,100.0,0.0,0.0,-100.0,100.0,0.0,-200.0,200.0,0.0,-100.0,-100.0,100.0,100.0
2023-10-10 10:35:03,100,-100.0,100.0,0.0,0.0,-100.0,100.0,0.0,-200.0,200.0,0.0,-100.0,-100.0,100.0
2023-10-10 10:51:34,200,100.0,-100.0,100.0,0.0,0.0,-100.0,100.0,0.0,-200.0,200.0,0.0,-100.0,-100.0
2023-10-11 08:01:53,200,0.0,100.0,-100.0,100.0,0.0,0.0,-100.0,100.0,0.0,-200.0,200.0,0.0,-100.0
2023-10-11 08:49:10,100,-100.0,0.0,100.0,-100.0,100.0,0.0,0.0,-100.0,100.0,0.0,-200.0,200.0,0.0
2023-10-11 08:56:17,100,0.0,-100.0,0.0,100.0,-100.0,100.0,0.0,0.0,-100.0,100.0,0.0,-200.0,200.0
2023-10-12 12:22:25,100,0.0,0.0,-100.0,0.0,100.0,-100.0,100.0,0.0,0.0,-100.0,100.0,0.0,-200.0
2023-10-13 01:52:06,100,0.0,0.0,0.0,-100.0,0.0,100.0,-100.0,100.0,0.0,0.0,-100.0,100.0,0.0
2023-10-13 01:59:19,100,0.0,0.0,0.0,0.0,-100.0,0.0,100.0,-100.0,100.0,0.0,0.0,-100.0,100.0
2023-10-13 02:08:22,100,0.0,0.0,0.0,0.0,0.0,-100.0,0.0,100.0,-100.0,100.0,0.0,0.0,-100.0
2023-10-13 02:27:47,100,0.0,0.0,0.0,0.0,0.0,0.0,-100.0,0.0,100.0,-100.0,100.0,0.0,0.0
2023-10-13 02:58:39,100,0.0,0.0,0.0,0.0,0.0,0.0,0.0,-100.0,0.0,100.0,-100.0,100.0,0.0
2023-10-13 05:25:51,100,0.0,0.0,0.0,0.0,0.0,0.0,0.0,0.0,-100.0,0.0,100.0,-100.0,100.0
2023-10-13 05:25:53,100,0.0,0.0,0.0,0.0,0.0,0.0,0.0,0.0,0.0,-100.0,0.0,100.0,-100.0
2023-10-13 05:25:59,200,100.0,0.0,0.0,0.0,0.0,0.0,0.0,0.0,0.0,0.0,-100.0,0.0,100.0
2023-10-13 05:26:00,100,-100.0,100.0,0.0,0.0,0.0,0.0,0.0,0.0,0.0,0.0,0.0,-100.0,0.0
2023-10-13 05:26:01,100,0.0,-100.0,100.0,0.0,0.0,0.0,0.0,0.0,0.0,0.0,0.0,0.0,-100.0
2023-10-13 11:24:50,100,0.0,0.0,-100.0,100.0,0.0,0.0,0.0,0.0,0.0,0.0,0.0,0.0,0.0
2023-10-16 01:45:12,100,0.0,0.0,0.0,-100.0,100.0,0.0,0.0,0.0,0.0,0.0,0.0,0.0,0.0
2023-10-16 01:49:01,100,0.0,0.0,0.0,0.0,-100.0,100.0,0.0,0.0,0.0,0.0,0.0,0.0,0.0
2023-10-16 01:52:13,100,0.0,0.0,0.0,0.0,0.0,-100.0,100.0,0.0,0.0,0.0,0.0,0.0,0.0
2023-10-16 02:39:07,100,0.0,0.0,0.0,0.0,0.0,0.0,-100.0,100.0,0.0,0.0,0.0,0.0,0.0
2023-10-16 08:18:15,100,0.0,0.0,0.0,0.0,0.0,0.0,0.0,-100.0,100.0,0.0,0.0,0.0,0.0
2023-10-16 09:40:38,100,0.0,0.0,0.0,0.0,0.0,0.0,0.0,0.0,-100.0,100.0,0.0,0.0,0.0
2023-10-16 10:39:55,100,0.0,0.0,0.0,0.0,0.0,0.0,0.0,0.0,0.0,-100.0,100.0,0.0,0.0
2023-10-16 11:18:01,100,0.0,0.0,0.0,0.0,0.0,0.0,0.0,0.0,0.0,0.0,-100.0,100.0,0.0
2023-10-16 11:22:22,100,0.0,0.0,0.0,0.0,0.0,0.0,0.0,0.0,0.0,0.0,0.0,-100.0,100.0
2023-10-16 11:39:03,100,0.0,0.0,0.0,0.0,0.0,0.0,0.0,0.0,0.0,0.0,0.0,0.0,-100.0
2023-10-17 01:02:33,200,100.0,0.0,0.0,0.0,0.0,0.0,0.0,0.0,0.0,0.0,0.0,0.0,0.0
2023-10-17 01:15:59,100,-100.0,100.0,0.0,0.0,0.0,0.0,0.0,0.0,0.0,0.0,0.0,0.0,0.0
2023-10-17 01:19:23,100,0.0,-100.0,100.0,0.0,0.0,0.0,0.0,0.0,0.0,0.0,0.0,0.0,0.0
2023-10-17 01:21:56,100,0.0,0.0,-100.0,100.0,0.0,0.0,0.0,0.0,0.0,0.0,0.0,0.0,0.0
2023-10-17 01:23:15,100,0.0,0.0,0.0,-100.0,100.0,0.0,0.0,0.0,0.0,0.0,0.0,0.0,0.0
2023-10-17 01:28:05,200,100.0,0.0,0.0,0.0,-100.0,100.0,0.0,0.0,0.0,0.0,0.0,0.0,0.0
2023-10-17 01:30:55,100,-100.0,100.0,0.0,0.0,0.0,-100.0,100.0,0.0,0.0,0.0,0.0,0.0,0.0
2023-10-17 01:33:00,100,0.0,-100.0,100.0,0.0,0.0,0.0,-100.0,100.0,0.0,0.0,0.0,0.0,0.0
2023-10-17 01:34:40,100,0.0,0.0,-100.0,100.0,0.0,0.0,0.0,-100.0,100.0,0.0,0.0,0.0,0.0
2023-10-17 01:44:00,300,200.0,0.0,0.0,-100.0,100.0,0.0,0.0,0.0,-100.0,100.0,0.0,0.0,0.0
2023-10-17 01:47:02,100,-200.0,200.0,0.0,0.0,-100.0,100.0,0.0,0.0,0.0,-100.0,100.0,0.0,0.0
2023-10-17 07:10:07,100,0.0,-200.0,200.0,0.0,0.0,-100.0,100.0,0.0,0.0,0.0,-100.0,100.0,0.0
2023-10-17 07:36:52,100,0.0,0.0,-200.0,200.0,0.0,0.0,-100.0,100.0,0.0,0.0,0.0,-100.0,100.0
2023-10-17 07:40:56,16,-84.0,0.0,0.0,-200.0,200.0,0.0,0.0,-100.0,100.0,0.0,0.0,0.0,-100.0
2023-10-17 07:43:03,100,84.0,-84.0,0.0,0.0,-200.0,200.0,0.0,0.0,-100.0,100.0,0.0,0.0,0.0
2023-10-17 07:45:38,12,-88.0,84.0,-84.0,0.0,0.0,-200.0,200.0,0.0,0.0,-100.0,100.0,0.0,0.0
2023-10-17 07:47:01,100,88.0,-88.0,84.0,-84.0,0.0,0.0,-200.0,200.0,0.0,0.0,-100.0,100.0,0.0
2023-10-17 07:52:23,16,-84.0,88.0,-88.0,84.0,-84.0,0.0,0.0,-200.0,200.0,0.0,0.0,-100.0,100.0
2023-10-17 08:03:10,100,84.0,-84.0,88.0,-88.0,84.0,-84.0,0.0,0.0,-200.0,200.0,0.0,0.0,-100.0
2023-10-17 08:13:45,100,0.0,84.0,-84.0,88.0,-88.0,84.0,-84.0,0.0,0.0,-200.0,200.0,0.0,0.0
2023-10-17 08:15:04,100,0.0,0.0,84.0,-84.0,88.0,-88.0,84.0,-84.0,0.0,0.0,-200.0,200.0,0.0
2023-10-17 08:23:24,100,0.0,0.0,0.0,84.0,-84.0,88.0,-88.0,84.0,-84.0,0.0,0.0,-200.0,200.0
2023-10-17 08:26:15,200,100.0,0.0,0.0,0.0,84.0,-84.0,88.0,-88.0,84.0,-84.0,0.0,0.0,-200.0
2023-10-17 08:30:04,100,-100.0,100.0,0.0,0.0,0.0,84.0,-84.0,88.0,-88.0,84.0,-84.0,0.0,0.0
2023-10-17 08:35:24,100,0.0,-100.0,100.0,0.0,0.0,0.0,84.0,-84.0,88.0,-88.0,84.0,-84.0,0.0
2023-10-17 08:50:38,100,0.0,0.0,-100.0,100.0,0.0,0.0,0.0,84.0,-84.0,88.0,-88.0,84.0,-84.0
2023-10-17 08:52:15,100,0.0,0.0,0.0,-100.0,100.0,0.0,0.0,0.0,84.0,-84.0,88.0,-88.0,84.0
2023-10-17 09:41:48,100,0.0,0.0,0.0,0.0,-100.0,100.0,0.0,0.0,0.0,84.0,-84.0,88.0,-88.0
2023-10-17 10:15:17,100,0.0,0.0,0.0,0.0,0.0,-100.0,100.0,0.0,0.0,0.0,84.0,-84.0,88.0
2023-10-17 10:19:42,100,0.0,0.0,0.0,0.0,0.0,0.0,-100.0,100.0,0.0,0.0,0.0,84.0,-84.0
2023-10-17 10:34:29,100,0.0,0.0,0.0,0.0,0.0,0.0,0.0,-100.0,100.0,0.0,0.0,0.0,84.0
2023-10-17 10:42:55,100,0.0,0.0,0.0,0.0,0.0,0.0,0.0,0.0,-100.0,100.0,0.0,0.0,0.0
2023-10-17 10:48:35,100,0.0,0.0,0.0,0.0,0.0,0.0,0.0,0.0,0.0,-100.0,100.0,0.0,0.0
2023-10-17 10:53:05,100,0.0,0.0,0.0,0.0,0.0,0.0,0.0,0.0,0.0,0.0,-100.0,100.0,0.0
2023-10-17 10:57:53,200,100.0,0.0,0.0,0.0,0.0,0.0,0.0,0.0,0.0,0.0,0.0,-100.0,100.0
2023-10-17 11:23:11,100,-100.0,100.0,0.0,0.0,0.0,0.0,0.0,0.0,0.0,0.0,0.0,0.0,-100.0
2023-10-17 11:25:40,100,0.0,-100.0,100.0,0.0,0.0,0.0,0.0,0.0,0.0,0.0,0.0,0.0,0.0
2023-10-17 12:06:02,100,0.0,0.0,-100.0,100.0,0.0,0.0,0.0,0.0,0.0,0.0,0.0,0.0,0.0
2023-10-17 12:26:12,100,0.0,0.0,0.0,-100.0,100.0,0.0,0.0,0.0,0.0,0.0,0.0,0.0,0.0
2023-10-17 12:49:27,100,0.0,0.0,0.0,0.0,-100.0,100.0,0.0,0.0,0.0,0.0,0.0,0.0,0.0
2023-10-17 12:52:23,100,0.0,0.0,0.0,0.0,0.0,-100.0,100.0,0.0,0.0,0.0,0.0,0.0,0.0
2023-10-17 12:56:58,100,0.0,0.0,0.0,0.0,0.0,0.0,-100.0,100.0,0.0,0.0,0.0,0.0,0.0
2023-10-17 12:59:35,300,200.0,0.0,0.0,0.0,0.0,0.0,0.0,-100.0,100.0,0.0,0.0,0.0,0.0
2023-10-18 07:10:24,100,-200.0,200.0,0.0,0.0,0.0,0.0,0.0,0.0,-100.0,100.0,0.0,0.0,0.0
2023-10-18 07:25:05,200,100.0,-200.0,200.0,0.0,0.0,0.0,0.0,0.0,0.0,-100.0,100.0,0.0,0.0
2023-10-18 07:33:33,100,-100.0,100.0,-200.0,200.0,0.0,0.0,0.0,0.0,0.0,0.0,-100.0,100.0,0.0
2023-10-18 08:38:48,100,0.0,-100.0,100.0,-200.0,200.0,0.0,0.0,0.0,0.0,0.0,0.0,-100.0,100.0
2023-10-18 09:29:25,100,0.0,0.0,-100.0,100.0,-200.0,200.0,0.0,0.0,0.0,0.0,0.0,0.0,-100.0
2023-10-18 09:45:45,100,0.0,0.0,0.0,-100.0,100.0,-200.0,200.0,0.0,0.0,0.0,0.0,0.0,0.0
2023-10-18 10:19:13,100,0.0,0.0,0.0,0.0,-100.0,100.0,-200.0,200.0,0.0,0.0,0.0,0.0,0.0
2023-10-18 11:03:44,100,0.0,0.0,0.0,0.0,0.0,-100.0,100.0,-200.0,200.0,0.0,0.0,0.0,0.0
2023-10-18 11:34:37,100,0.0,0.0,0.0,0.0,0.0,0.0,-100.0,100.0,-200.0,200.0,0.0,0.0,0.0
2023-10-18 11:52:00,100,0.0,0.0,0.0,0.0,0.0,0.0,0.0,-100.0,100.0,-200.0,200.0,0.0,0.0
2023-10-18 12:40:59,100,0.0,0.0,0.0,0.0,0.0,0.0,0.0,0.0,-100.0,100.0,-200.0,200.0,0.0
2023-10-18 12:51:32,100,0.0,0.0,0.0,0.0,0.0,0.0,0.0,0.0,0.0,-100.0,100.0,-200.0,200.0
2023-10-18 12:56:36,35,-65.0,0.0,0.0,0.0,0.0,0.0,0.0,0.0,0.0,0.0,-100.0,100.0,-200.0
2023-10-19 01:51:05,100,65.0,-65.0,0.0,0.0,0.0,0.0,0.0,0.0,0.0,0.0,0.0,-100.0,100.0
2023-10-19 01:54:38,200,100.0,65.0,-65.0,0.0,0.0,0.0,0.0,0.0,0.0,0.0,0.0,0.0,-100.0
2023-10-19 01:58:35,100,-100.0,100.0,65.0,-65.0,0.0,0.0,0.0,0.0,0.0,0.0,0.0,0.0,0.0
2023-10-19 02:01:07,200,100.0,-100.0,100.0,65.0,-65.0,0.0,0.0,0.0,0.0,0.0,0.0,0.0,0.0
2023-10-19 02:01:45,100,-100.0,100.0,-100.0,100.0,65.0,-65.0,0.0,0.0,0.0,0.0,0.0,0.0,0.0
2023-10-19 02:06:42,72,-28.0,-100.0,100.0,-100.0,100.0,65.0,-65.0,0.0,0.0,0.0,0.0,0.0,0.0
2023-10-19 02:20:42,100,28.0,-28.0,-100.0,100.0,-100.0,100.0,65.0,-65.0,0.0,0.0,0.0,0.0,0.0
2023-10-19 02:22:19,100,0.0,28.0,-28.0,-100.0,100.0,-100.0,100.0,65.0,-65.0,0.0,0.0,0.0,0.0
2023-10-19 02:29:36,100,0.0,0.0,28.0,-28.0,-100.0,100.0,-100.0,100.0,65.0,-65.0,0.0,0.0,0.0
2023-10-19 02:32:51,100,0.0,0.0,0.0,28.0,-28.0,-100.0,100.0,-100.0,100.0,65.0,-65.0,0.0,0.0
2023-10-19 02:58:23,100,0.0,0.0,0.0,0.0,28.0,-28.0,-100.0,100.0,-100.0,100.0,65.0,-65.0,0.0
2023-10-19 03:01:55,80,-20.0,0.0,0.0,0.0,0.0,28.0,-28.0,-100.0,100.0,-100.0,100.0,65.0,-65.0
2023-10-19 06:59:12,100,20.0,-20.0,0.0,0.0,0.0,0.0,28.0,-28.0,-100.0,100.0,-100.0,100.0,65.0
2023-10-19 07:03:37,100,0.0,20.0,-20.0,0.0,0.0,0.0,0.0,28.0,-28.0,-100.0,100.0,-100.0,100.0
2023-10-19 07:08:51,100,0.0,0.0,20.0,-20.0,0.0,0.0,0.0,0.0,28.0,-28.0,-100.0,100.0,-100.0
2023-10-19 07:14:51,100,0.0,0.0,0.0,20.0,-20.0,0.0,0.0,0.0,0.0,28.0,-28.0,-100.0,100.0
2023-10-19 07:20:38,100,0.0,0.0,0.0,0.0,20.0,-20.0,0.0,0.0,0.0,0.0,28.0,-28.0,-100.0
2023-10-19 07:44:34,100,0.0,0.0,0.0,0.0,0.0,20.0,-20.0,0.0,0.0,0.0,0.0,28.0,-28.0
2023-10-19 07:48:46,100,0.0,0.0,0.0,0.0,0.0,0.0,20.0,-20.0,0.0,0.0,0.0,0.0,28.0
2023-10-19 09:47:13,200,100.0,0.0,0.0,0.0,0.0,0.0,0.0,20.0,-20.0,0.0,0.0,0.0,0.0
2023-10-19 10:20:14,100,-100.0,100.0,0.0,0.0,0.0,0.0,0.0,0.0,20.0,-20.0,0.0,0.0,0.0
2023-10-19 10:59:22,100,0.0,-100.0,100.0,0.0,0.0,0.0,0.0,0.0,0.0,20.0,-20.0,0.0,0.0
2023-10-19 11:31:15,55,-45.0,0.0,-100.0,100.0,0.0,0.0,0.0,0.0,0.0,0.0,20.0,-20.0,0.0
2023-10-19 11:53:37,80,25.0,-45.0,0.0,-100.0,100.0,0.0,0.0,0.0,0.0,0.0,0.0,20.0,-20.0
2023-10-19 12:28:32,100,20.0,25.0,-45.0,0.0,-100.0,100.0,0.0,0.0,0.0,0.0,0.0,0.0,20.0
2023-10-20 01:29:23,15,-85.0,20.0,25.0,-45.0,0.0,-100.0,100.0,0.0,0.0,0.0,0.0,0.0,0.0
2023-10-20 02:18:17,72,57.0,-85.0,20.0,25.0,-45.0,0.0,-100.0,100.0,0.0,0.0,0.0,0.0,0.0
2023-10-20 02:23:43,200,128.0,57.0,-85.0,20.0,25.0,-45.0,0.0,-100.0,100.0,0.0,0.0,0.0,0.0
2023-10-20 07:17:55,100,-100.0,128.0,57.0,-85.0,20.0,25.0,-45.0,0.0,-100.0,100.0,0.0,0.0,0.0
2023-10-20 07:34:32,72,-28.0,-100.0,128.0,57.0,-85.0,20.0,25.0,-45.0,0.0,-100.0,100.0,0.0,0.0
2023-10-20 07:41:36,100,28.0,-28.0,-100.0,128.0,57.0,-85.0,20.0,25.0,-45.0,0.0,-100.0,100.0,0.0
2023-10-20 07:51:12,16,-84.0,28.0,-28.0,-100.0,128.0,57.0,-85.0,20.0,25.0,-45.0,0.0,-100.0,100.0
2023-10-20 08:24:32,72,56.0,-84.0,28.0,-28.0,-100.0,128.0,57.0,-85.0,20.0,25.0,-45.0,0.0,-100.0
2023-10-20 08:25:22,100,28.0,56.0,-84.0,28.0,-28.0,-100.0,128.0,57.0,-85.0,20.0,25.0,-45.0,0.0
2023-10-20 08:25:34,100,0.0,28.0,56.0,-84.0,28.0,-28.0,-100.0,128.0,57.0,-85.0,20.0,25.0,-45.0
2023-10-20 08:38:21,100,0.0,0.0,28.0,56.0,-84.0,28.0,-28.0,-100.0,128.0,57.0,-85.0,20.0,25.0
2023-10-20 08:50:09,300,200.0,0.0,0.0,28.0,56.0,-84.0,28.0,-28.0,-100.0,128.0,57.0,-85.0,20.0
2023-10-20 08:52:53,498,198.0,200.0,0.0,0.0,28.0,56.0,-84.0,28.0,-28.0,-100.0,128.0,57.0,-85.0
2023-10-20 10:22:09,180,-318.0,198.0,200.0,0.0,0.0,28.0,56.0,-84.0,28.0,-28.0,-100.0,128.0,57.0
2023-10-20 10:45:16,100,-80.0,-318.0,198.0,200.0,0.0,0.0,28.0,56.0,-84.0,28.0,-28.0,-100.0,128.0
2023-10-20 10:53:32,100,0.0,-80.0,-318.0,198.0,200.0,0.0,0.0,28.0,56.0,-84.0,28.0,-28.0,-100.0
2023-10-20 10:54:34,30,-70.0,0.0,-80.0,-318.0,198.0,200.0,0.0,0.0,28.0,56.0,-84.0,28.0,-28.0
2023-10-20 10:56:01,55,25.0,-70.0,0.0,-80.0,-318.0,198.0,200.0,0.0,0.0,28.0,56.0,-84.0,28.0
2023-10-20 12:19:09,1,-54.0,25.0,-70.0,0.0,-80.0,-318.0,198.0,200.0,0.0,0.0,28.0,56.0,-84.0
2023-10-21 09:35:01,112,111.0,-54.0,25.0,-70.0,0.0,-80.0,-318.0,198.0,200.0,0.0,0.0,28.0,56.0
2023-10-21 10:40:52,100,-12.0,111.0,-54.0,25.0,-70.0,0.0,-80.0,-318.0,198.0,200.0,0.0,0.0,28.0
2023-10-21 11:00:41,35,-65.0,-12.0,111.0,-54.0,25.0,-70.0,0.0,-80.0,-318.0,198.0,200.0,0.0,0.0
2023-10-21 11:10:38,35,0.0,-65.0,-12.0,111.0,-54.0,25.0,-70.0,0.0,-80.0,-318.0,198.0,200.0,0.0
2023-10-21 11:27:12,55,20.0,0.0,-65.0,-12.0,111.0,-54.0,25.0,-70.0,0.0,-80.0,-318.0,198.0,200.0
2023-10-21 11:41:36,10,-45.0,20.0,0.0,-65.0,-12.0,111.0,-54.0,25.0,-70.0,0.0,-80.0,-318.0,198.0
2023-10-23 01:19:28,72,62.0,-45.0,20.0,0.0,-65.0,-12.0,111.0,-54.0,25.0,-70.0,0.0,-80.0,-318.0
2023-10-23 01:19:35,100,28.0,62.0,-45.0,20.0,0.0,-65.0,-12.0,111.0,-54.0,25.0,-70.0,0.0,-80.0
2023-10-23 01:24:40,100,0.0,28.0,62.0,-45.0,20.0,0.0,-65.0,-12.0,111.0,-54.0,25.0,-70.0,0.0
2023-10-23 01:41:00,100,0.0,0.0,28.0,62.0,-45.0,20.0,0.0,-65.0,-12.0,111.0,-54.0,25.0,-70.0
2023-10-23 01:44:04,100,0.0,0.0,0.0,28.0,62.0,-45.0,20.0,0.0,-65.0,-12.0,111.0,-54.0,25.0
2023-10-23 01:51:10,100,0.0,0.0,0.0,0.0,28.0,62.0,-45.0,20.0,0.0,-65.0,-12.0,111.0,-54.0
2023-10-23 01:56:01,100,0.0,0.0,0.0,0.0,0.0,28.0,62.0,-45.0,20.0,0.0,-65.0,-12.0,111.0
2023-10-23 01:57:55,100,0.0,0.0,0.0,0.0,0.0,0.0,28.0,62.0,-45.0,20.0,0.0,-65.0,-12.0
2023-10-23 01:58:00,100,0.0,0.0,0.0,0.0,0.0,0.0,0.0,28.0,62.0,-45.0,20.0,0.0,-65.0
2023-10-23 01:59:48,100,0.0,0.0,0.0,0.0,0.0,0.0,0.0,0.0,28.0,62.0,-45.0,20.0,0.0
2023-10-23 01:59:50,100,0.0,0.0,0.0,0.0,0.0,0.0,0.0,0.0,0.0,28.0,62.0,-45.0,20.0
2023-10-23 02:05:28,100,0.0,0.0,0.0,0.0,0.0,0.0,0.0,0.0,0.0,0.0,28.0,62.0,-45.0
2023-10-23 02:08:33,100,0.0,0.0,0.0,0.0,0.0,0.0,0.0,0.0,0.0,0.0,0.0,28.0,62.0
2023-10-23 02:08:40,100,0.0,0.0,0.0,0.0,0.0,0.0,0.0,0.0,0.0,0.0,0.0,0.0,28.0
2023-10-23 02:12:40,100,0.0,0.0,0.0,0.0,0.0,0.0,0.0,0.0,0.0,0.0,0.0,0.0,0.0
2023-10-23 02:13:10,100,0.0,0.0,0.0,0.0,0.0,0.0,0.0,0.0,0.0,0.0,0.0,0.0,0.0
2023-10-23 02:13:32,100,0.0,0.0,0.0,0.0,0.0,0.0,0.0,0.0,0.0,0.0,0.0,0.0,0.0
2023-10-23 02:20:29,200,100.0,0.0,0.0,0.0,0.0,0.0,0.0,0.0,0.0,0.0,0.0,0.0,0.0
2023-10-23 02:21:45,200,0.0,100.0,0.0,0.0,0.0,0.0,0.0,0.0,0.0,0.0,0.0,0.0,0.0
2023-10-23 02:28:21,100,-100.0,0.0,100.0,0.0,0.0,0.0,0.0,0.0,0.0,0.0,0.0,0.0,0.0
2023-10-23 02:29:29,100,0.0,-100.0,0.0,100.0,0.0,0.0,0.0,0.0,0.0,0.0,0.0,0.0,0.0
2023-10-23 02:51:26,2,-98.0,0.0,-100.0,0.0,100.0,0.0,0.0,0.0,0.0,0.0,0.0,0.0,0.0
2023-10-23 07:12:03,32,30.0,-98.0,0.0,-100.0,0.0,100.0,0.0,0.0,0.0,0.0,0.0,0.0,0.0
2023-10-23 07:13:07,300,268.0,30.0,-98.0,0.0,-100.0,0.0,100.0,0.0,0.0,0.0,0.0,0.0,0.0
2023-10-23 07:27:20,100,-200.0,268.0,30.0,-98.0,0.0,-100.0,0.0,100.0,0.0,0.0,0.0,0.0,0.0
2023-10-23 07:54:18,88,-12.0,-200.0,268.0,30.0,-98.0,0.0,-100.0,0.0,100.0,0.0,0.0,0.0,0.0
2023-10-23 08:41:40,100,12.0,-12.0,-200.0,268.0,30.0,-98.0,0.0,-100.0,0.0,100.0,0.0,0.0,0.0
2023-10-23 09:50:30,100,0.0,12.0,-12.0,-200.0,268.0,30.0,-98.0,0.0,-100.0,0.0,100.0,0.0,0.0
2023-10-23 09:52:32,100,0.0,0.0,12.0,-12.0,-200.0,268.0,30.0,-98.0,0.0,-100.0,0.0,100.0,0.0
2023-10-23 10:22:18,100,0.0,0.0,0.0,12.0,-12.0,-200.0,268.0,30.0,-98.0,0.0,-100.0,0.0,100.0
2023-10-23 10:32:10,100,0.0,0.0,0.0,0.0,12.0,-12.0,-200.0,268.0,30.0,-98.0,0.0,-100.0,0.0
2023-10-23 10:35:16,100,0.0,0.0,0.0,0.0,0.0,12.0,-12.0,-200.0,268.0,30.0,-98.0,0.0,-100.0
2023-10-23 10:54:52,100,0.0,0.0,0.0,0.0,0.0,0.0,12.0,-12.0,-200.0,268.0,30.0,-98.0,0.0
2023-10-23 11:02:36,100,0.0,0.0,0.0,0.0,0.0,0.0,0.0,12.0,-12.0,-200.0,268.0,30.0,-98.0
2023-10-23 11:08:17,48,-52.0,0.0,0.0,0.0,0.0,0.0,0.0,0.0,12.0,-12.0,-200.0,268.0,30.0
2023-10-23 11:08:22,100,52.0,-52.0,0.0,0.0,0.0,0.0,0.0,0.0,0.0,12.0,-12.0,-200.0,268.0
2023-10-23 11:20:39,100,0.0,52.0,-52.0,0.0,0.0,0.0,0.0,0.0,0.0,0.0,12.0,-12.0,-200.0
2023-10-23 11:26:59,13,-87.0,0.0,52.0,-52.0,0.0,0.0,0.0,0.0,0.0,0.0,0.0,12.0,-12.0
2023-10-23 11:27:02,4,-9.0,-87.0,0.0,52.0,-52.0,0.0,0.0,0.0,0.0,0.0,0.0,0.0,12.0
2023-10-23 11:33:00,100,96.0,-9.0,-87.0,0.0,52.0,-52.0,0.0,0.0,0.0,0.0,0.0,0.0,0.0
2023-10-23 11:45:00,100,0.0,96.0,-9.0,-87.0,0.0,52.0,-52.0,0.0,0.0,0.0,0.0,0.0,0.0
2023-10-23 11:54:46,100,0.0,0.0,96.0,-9.0,-87.0,0.0,52.0,-52.0,0.0,0.0,0.0,0.0,0.0
2023-10-23 11:58:18,100,0.0,0.0,0.0,96.0,-9.0,-87.0,0.0,52.0,-52.0,0.0,0.0,0.0,0.0
2023-10-23 11:58:40,100,0.0,0.0,0.0,0.0,96.0,-9.0,-87.0,0.0,52.0,-52.0,0.0,0.0,0.0
2023-10-23 11:58:55,100,0.0,0.0,0.0,0.0,0.0,96.0,-9.0,-87.0,0.0,52.0,-52.0,0.0,0.0
2023-10-23 12:56:38,100,0.0,0.0,0.0,0.0,0.0,0.0,96.0,-9.0,-87.0,0.0,52.0,-52.0,0.0
2023-10-24 01:12:25,100,0.0,0.0,0.0,0.0,0.0,0.0,0.0,96.0,-9.0,-87.0,0.0,52.0,-52.0
2023-10-24 01:13:14,100,0.0,0.0,0.0,0.0,0.0,0.0,0.0,0.0,96.0,-9.0,-87.0,0.0,52.0
2023-10-24 01:16:20,100,0.0,0.0,0.0,0.0,0.0,0.0,0.0,0.0,0.0,96.0,-9.0,-87.0,0.0
2023-10-24 01:29:28,100,0.0,0.0,0.0,0.0,0.0,0.0,0.0,0.0,0.0,0.0,96.0,-9.0,-87.0
2023-10-24 01:32:02,100,0.0,0.0,0.0,0.0,0.0,0.0,0.0,0.0,0.0,0.0,0.0,96.0,-9.0
2023-10-24 01:32:16,100,0.0,0.0,0.0,0.0,0.0,0.0,0.0,0.0,0.0,0.0,0.0,0.0,96.0
2023-10-24 01:32:27,28,-72.0,0.0,0.0,0.0,0.0,0.0,0.0,0.0,0.0,0.0,0.0,0.0,0.0
2023-10-24 01:35:53,100,72.0,-72.0,0.0,0.0,0.0,0.0,0.0,0.0,0.0,0.0,0.0,0.0,0.0
2023-10-24 01:40:01,100,0.0,72.0,-72.0,0.0,0.0,0.0,0.0,0.0,0.0,0.0,0.0,0.0,0.0
2023-10-24 01:42:20,64,-36.0,0.0,72.0,-72.0,0.0,0.0,0.0,0.0,0.0,0.0,0.0,0.0,0.0
2023-10-24 01:56:55,45,-19.0,-36.0,0.0,72.0,-72.0,0.0,0.0,0.0,0.0,0.0,0.0,0.0,0.0
2023-10-24 01:57:38,55,10.0,-19.0,-36.0,0.0,72.0,-72.0,0.0,0.0,0.0,0.0,0.0,0.0,0.0
2023-10-24 01:57:57,100,45.0,10.0,-19.0,-36.0,0.0,72.0,-72.0,0.0,0.0,0.0,0.0,0.0,0.0
2023-10-24 01:59:30,100,0.0,45.0,10.0,-19.0,-36.0,0.0,72.0,-72.0,0.0,0.0,0.0,0.0,0.0
2023-10-24 02:11:54,499,399.0,0.0,45.0,10.0,-19.0,-36.0,0.0,72.0,-72.0,0.0,0.0,0.0,0.0
2023-10-24 02:11:56,1,-498.0,399.0,0.0,45.0,10.0,-19.0,-36.0,0.0,72.0,-72.0,0.0,0.0,0.0
2023-10-24 02:19:58,100,99.0,-498.0,399.0,0.0,45.0,10.0,-19.0,-36.0,0.0,72.0,-72.0,0.0,0.0
2023-10-24 02:20:37,47,-53.0,99.0,-498.0,399.0,0.0,45.0,10.0,-19.0,-36.0,0.0,72.0,-72.0,0.0
2023-10-24 02:21:36,100,53.0,-53.0,99.0,-498.0,399.0,0.0,45.0,10.0,-19.0,-36.0,0.0,72.0,-72.0
2023-10-24 02:32:14,100,0.0,53.0,-53.0,99.0,-498.0,399.0,0.0,45.0,10.0,-19.0,-36.0,0.0,72.0
2023-10-24 02:39:18,36,-64.0,0.0,53.0,-53.0,99.0,-498.0,399.0,0.0,45.0,10.0,-19.0,-36.0,0.0
2023-10-24 02:40:06,100,64.0,-64.0,0.0,53.0,-53.0,99.0,-498.0,399.0,0.0,45.0,10.0,-19.0,-36.0
2023-10-24 02:44:03,98,-2.0,64.0,-64.0,0.0,53.0,-53.0,99.0,-498.0,399.0,0.0,45.0,10.0,-19.0
2023-10-24 02:49:02,100,2.0,-2.0,64.0,-64.0,0.0,53.0,-53.0,99.0,-498.0,399.0,0.0,45.0,10.0
2023-10-24 02:49:08,100,0.0,2.0,-2.0,64.0,-64.0,0.0,53.0,-53.0,99.0,-498.0,399.0,0.0,45.0
2023-10-24 02:49:59,100,0.0,0.0,2.0,-2.0,64.0,-64.0,0.0,53.0,-53.0,99.0,-498.0,399.0,0.0
2023-10-24 02:50:04,100,0.0,0.0,0.0,2.0,-2.0,64.0,-64.0,0.0,53.0,-53.0,99.0,-498.0,399.0
2023-10-24 02:53:12,100,0.0,0.0,0.0,0.0,2.0,-2.0,64.0,-64.0,0.0,53.0,-53.0,99.0,-498.0
2023-10-24 02:53:46,100,0.0,0.0,0.0,0.0,0.0,2.0,-2.0,64.0,-64.0,0.0,53.0,-53.0,99.0
2023-10-24 03:01:00,100,0.0,0.0,0.0,0.0,0.0,0.0,2.0,-2.0,64.0,-64.0,0.0,53.0,-53.0
2023-10-24 03:04:10,100,0.0,0.0,0.0,0.0,0.0,0.0,0.0,2.0,-2.0,64.0,-64.0,0.0,53.0
2023-10-24 03:04:48,100,0.0,0.0,0.0,0.0,0.0,0.0,0.0,0.0,2.0,-2.0,64.0,-64.0,0.0
2023-10-24 03:07:19,100,0.0,0.0,0.0,0.0,0.0,0.0,0.0,0.0,0.0,2.0,-2.0,64.0,-64.0
2023-10-24 03:07:36,100,0.0,0.0,0.0,0.0,0.0,0.0,0.0,0.0,0.0,0.0,2.0,-2.0,64.0
2023-10-24 03:07:38,100,0.0,0.0,0.0,0.0,0.0,0.0,0.0,0.0,0.0,0.0,0.0,2.0,-2.0
2023-10-24 03:07:43,100,0.0,0.0,0.0,0.0,0.0,0.0,0.0,0.0,0.0,0.0,0.0,0.0,2.0
2023-10-24 03:08:12,100,0.0,0.0,0.0,0.0,0.0,0.0,0.0,0.0,0.0,0.0,0.0,0.0,0.0
2023-10-24 03:16:03,12,-88.0,0.0,0.0,0.0,0.0,0.0,0.0,0.0,0.0,0.0,0.0,0.0,0.0
2023-10-24 07:31:13,35,23.0,-88.0,0.0,0.0,0.0,0.0,0.0,0.0,0.0,0.0,0.0,0.0,0.0
2023-10-24 07:31:14,200,165.0,23.0,-88.0,0.0,0.0,0.0,0.0,0.0,0.0,0.0,0.0,0.0,0.0
2023-10-24 07:32:51,100,-100.0,165.0,23.0,-88.0,0.0,0.0,0.0,0.0,0.0,0.0,0.0,0.0,0.0
2023-10-24 07:50:45,100,0.0,-100.0,165.0,23.0,-88.0,0.0,0.0,0.0,0.0,0.0,0.0,0.0,0.0
2023-10-24 08:03:22,100,0.0,0.0,-100.0,165.0,23.0,-88.0,0.0,0.0,0.0,0.0,0.0,0.0,0.0
2023-10-24 08:17:09,100,0.0,0.0,0.0,-100.0,165.0,23.0,-88.0,0.0,0.0,0.0,0.0,0.0,0.0
2023-10-24 08:20:28,100,0.0,0.0,0.0,0.0,-100.0,165.0,23.0,-88.0,0.0,0.0,0.0,0.0,0.0
2023-10-24 08:57:27,100,0.0,0.0,0.0,0.0,0.0,-100.0,165.0,23.0,-88.0,0.0,0.0,0.0,0.0
2023-10-24 10:04:25,100,0.0,0.0,0.0,0.0,0.0,0.0,-100.0,165.0,23.0,-88.0,0.0,0.0,0.0
2023-10-24 10:12:16,100,0.0,0.0,0.0,0.0,0.0,0.0,0.0,-100.0,165.0,23.0,-88.0,0.0,0.0
2023-10-24 10:24:54,100,0.0,0.0,0.0,0.0,0.0,0.0,0.0,0.0,-100.0,165.0,23.0,-88.0,0.0
2023-10-24 10:43:30,100,0.0,0.0,0.0,0.0,0.0,0.0,0.0,0.0,0.0,-100.0,165.0,23.0,-88.0
2023-10-24 10:43:33,100,0.0,0.0,0.0,0.0,0.0,0.0,0.0,0.0,0.0,0.0,-100.0,165.0,23.0
2023-10-24 10:45:33,100,0.0,0.0,0.0,0.0,0.0,0.0,0.0,0.0,0.0,0.0,0.0,-100.0,165.0
2023-10-24 11:15:10,100,0.0,0.0,0.0,0.0,0.0,0.0,0.0,0.0,0.0,0.0,0.0,0.0,-100.0
2023-10-24 11:47:21,100,0.0,0.0,0.0,0.0,0.0,0.0,0.0,0.0,0.0,0.0,0.0,0.0,0.0
2023-10-24 12:31:24,100,0.0,0.0,0.0,0.0,0.0,0.0,0.0,0.0,0.0,0.0,0.0,0.0,0.0
2023-10-24 12:41:23,36,-64.0,0.0,0.0,0.0,0.0,0.0,0.0,0.0,0.0,0.0,0.0,0.0,0.0
2023-10-24 12:54:29,100,64.0,-64.0,0.0,0.0,0.0,0.0,0.0,0.0,0.0,0.0,0.0,0.0,0.0
2023-10-24 12:58:07,100,0.0,64.0,-64.0,0.0,0.0,0.0,0.0,0.0,0.0,0.0,0.0,0.0,0.0
2023-10-24 12:59:38,100,0.0,0.0,64.0,-64.0,0.0,0.0,0.0,0.0,0.0,0.0,0.0,0.0,0.0
2023-10-25 01:00:42,100,0.0,0.0,0.0,64.0,-64.0,0.0,0.0,0.0,0.0,0.0,0.0,0.0,0.0
2023-10-25 01:04:33,100,0.0,0.0,0.0,0.0,64.0,-64.0,0.0,0.0,0.0,0.0,0.0,0.0,0.0
2023-10-25 01:09:31,100,0.0,0.0,0.0,0.0,0.0,64.0,-64.0,0.0,0.0,0.0,0.0,0.0,0.0
2023-10-25 01:12:00,100,0.0,0.0,0.0,0.0,0.0,0.0,64.0,-64.0,0.0,0.0,0.0,0.0,0.0
2023-10-25 01:14:54,100,0.0,0.0,0.0,0.0,0.0,0.0,0.0,64.0,-64.0,0.0,0.0,0.0,0.0
2023-10-25 01:16:58,100,0.0,0.0,0.0,0.0,0.0,0.0,0.0,0.0,64.0,-64.0,0.0,0.0,0.0
2023-10-25 01:32:04,100,0.0,0.0,0.0,0.0,0.0,0.0,0.0,0.0,0.0,64.0,-64.0,0.0,0.0
2023-10-25 01:39:48,100,0.0,0.0,0.0,0.0,0.0,0.0,0.0,0.0,0.0,0.0,64.0,-64.0,0.0
2023-10-25 01:44:55,100,0.0,0.0,0.0,0.0,0.0,0.0,0.0,0.0,0.0,0.0,0.0,64.0,-64.0
2023-10-25 01:46:41,100,0.0,0.0,0.0,0.0,0.0,0.0,0.0,0.0,0.0,0.0,0.0,0.0,64.0
2023-10-25 01:49:59,100,0.0,0.0,0.0,0.0,0.0,0.0,0.0,0.0,0.0,0.0,0.0,0.0,0.0
2023-10-25 01:55:05,100,0.0,0.0,0.0,0.0,0.0,0.0,0.0,0.0,0.0,0.0,0.0,0.0,0.0
2023-10-25 02:00:21,100,0.0,0.0,0.0,0.0,0.0,0.0,0.0,0.0,0.0,0.0,0.0,0.0,0.0
2023-10-25 02:02:18,100,0.0,0.0,0.0,0.0,0.0,0.0,0.0,0.0,0.0,0.0,0.0,0.0,0.0
2023-10-25 02:14:02,100,0.0,0.0,0.0,0.0,0.0,0.0,0.0,0.0,0.0,0.0,0.0,0.0,0.0
2023-10-25 02:31:57,100,0.0,0.0,0.0,0.0,0.0,0.0,0.0,0.0,0.0,0.0,0.0,0.0,0.0
2023-10-25 03:05:41,100,0.0,0.0,0.0,0.0,0.0,0.0,0.0,0.0,0.0,0.0,0.0,0.0,0.0
2023-10-25 07:13:59,72,-28.0,0.0,0.0,0.0,0.0,0.0,0.0,0.0,0.0,0.0,0.0,0.0,0.0
2023-10-25 07:14:02,56,-16.0,-28.0,0.0,0.0,0.0,0.0,0.0,0.0,0.0,0.0,0.0,0.0,0.0
2023-10-25 07:14:09,72,16.0,-16.0,-28.0,0.0,0.0,0.0,0.0,0.0,0.0,0.0,0.0,0.0,0.0
2023-10-25 07:14:25,100,28.0,16.0,-16.0,-28.0,0.0,0.0,0.0,0.0,0.0,0.0,0.0,0.0,0.0
2023-10-25 07:20:59,100,0.0,28.0,16.0,-16.0,-28.0,0.0,0.0,0.0,0.0,0.0,0.0,0.0,0.0
2023-10-25 07:53:57,100,0.0,0.0,28.0,16.0,-16.0,-28.0,0.0,0.0,0.0,0.0,0.0,0.0,0.0
2023-10-25 08:00:18,100,0.0,0.0,0.0,28.0,16.0,-16.0,-28.0,0.0,0.0,0.0,0.0,0.0,0.0
2023-10-25 08:21:54,100,0.0,0.0,0.0,0.0,28.0,16.0,-16.0,-28.0,0.0,0.0,0.0,0.0,0.0
2023-10-25 08:32:19,100,0.0,0.0,0.0,0.0,0.0,28.0,16.0,-16.0,-28.0,0.0,0.0,0.0,0.0
2023-10-25 08:32:22,100,0.0,0.0,0.0,0.0,0.0,0.0,28.0,16.0,-16.0,-28.0,0.0,0.0,0.0
2023-10-25 09:04:57,100,0.0,0.0,0.0,0.0,0.0,0.0,0.0,28.0,16.0,-16.0,-28.0,0.0,0.0
2023-10-25 09:05:11,100,0.0,0.0,0.0,0.0,0.0,0.0,0.0,0.0,28.0,16.0,-16.0,-28.0,0.0
2023-10-25 09:49:41,100,0.0,0.0,0.0,0.0,0.0,0.0,0.0,0.0,0.0,28.0,16.0,-16.0,-28.0
2023-10-25 10:09:25,100,0.0,0.0,0.0,0.0,0.0,0.0,0.0,0.0,0.0,0.0,28.0,16.0,-16.0
2023-10-25 10:17:23,100,0.0,0.0,0.0,0.0,0.0,0.0,0.0,0.0,0.0,0.0,0.0,28.0,16.0
2023-10-25 10:18:34,100,0.0,0.0,0.0,0.0,0.0,0.0,0.0,0.0,0.0,0.0,0.0,0.0,28.0
2023-10-25 10:27:10,100,0.0,0.0,0.0,0.0,0.0,0.0,0.0,0.0,0.0,0.0,0.0,0.0,0.0
2023-10-25 10:29:11,100,0.0,0.0,0.0,0.0,0.0,0.0,0.0,0.0,0.0,0.0,0.0,0.0,0.0
2023-10-25 10:49:58,100,0.0,0.0,0.0,0.0,0.0,0.0,0.0,0.0,0.0,0.0,0.0,0.0,0.0
2023-10-25 11:08:21,100,0.0,0.0,0.0,0.0,0.0,0.0,0.0,0.0,0.0,0.0,0.0,0.0,0.0
2023-10-25 11:24:43,100,0.0,0.0,0.0,0.0,0.0,0.0,0.0,0.0,0.0,0.0,0.0,0.0,0.0
2023-10-25 11:24:52,100,0.0,0.0,0.0,0.0,0.0,0.0,0.0,0.0,0.0,0.0,0.0,0.0,0.0
2023-10-25 11:26:56,100,0.0,0.0,0.0,0.0,0.0,0.0,0.0,0.0,0.0,0.0,0.0,0.0,0.0
2023-10-25 11:28:53,100,0.0,0.0,0.0,0.0,0.0,0.0,0.0,0.0,0.0,0.0,0.0,0.0,0.0
2023-10-25 11:30:48,100,0.0,0.0,0.0,0.0,0.0,0.0,0.0,0.0,0.0,0.0,0.0,0.0,0.0
2023-10-25 11:32:31,100,0.0,0.0,0.0,0.0,0.0,0.0,0.0,0.0,0.0,0.0,0.0,0.0,0.0
2023-10-25 11:32:44,100,0.0,0.0,0.0,0.0,0.0,0.0,0.0,0.0,0.0,0.0,0.0,0.0,0.0
2023-10-25 11:52:13,100,0.0,0.0,0.0,0.0,0.0,0.0,0.0,0.0,0.0,0.0,0.0,0.0,0.0
2023-10-25 12:40:45,100,0.0,0.0,0.0,0.0,0.0,0.0,0.0,0.0,0.0,0.0,0.0,0.0,0.0
2023-10-25 12:43:41,100,0.0,0.0,0.0,0.0,0.0,0.0,0.0,0.0,0.0,0.0,0.0,0.0,0.0
2023-10-25 12:49:27,100,0.0,0.0,0.0,0.0,0.0,0.0,0.0,0.0,0.0,0.0,0.0,0.0,0.0
2023-10-25 12:57:56,100,0.0,0.0,0.0,0.0,0.0,0.0,0.0,0.0,0.0,0.0,0.0,0.0,0.0
2023-10-26 01:29:36,100,0.0,0.0,0.0,0.0,0.0,0.0,0.0,0.0,0.0,0.0,0.0,0.0,0.0
2023-10-26 01:55:58,19,-81.0,0.0,0.0,0.0,0.0,0.0,0.0,0.0,0.0,0.0,0.0,0.0,0.0
2023-10-26 01:58:54,16,-3.0,-81.0,0.0,0.0,0.0,0.0,0.0,0.0,0.0,0.0,0.0,0.0,0.0
2023-10-26 02:20:13,55,39.0,-3.0,-81.0,0.0,0.0,0.0,0.0,0.0,0.0,0.0,0.0,0.0,0.0
2023-10-26 02:20:18,64,9.0,39.0,-3.0,-81.0,0.0,0.0,0.0,0.0,0.0,0.0,0.0,0.0,0.0
2023-10-26 02:20:23,20,-44.0,9.0,39.0,-3.0,-81.0,0.0,0.0,0.0,0.0,0.0,0.0,0.0,0.0
2023-10-26 02:24:33,100,80.0,-44.0,9.0,39.0,-3.0,-81.0,0.0,0.0,0.0,0.0,0.0,0.0,0.0
2023-10-26 02:48:03,64,-36.0,80.0,-44.0,9.0,39.0,-3.0,-81.0,0.0,0.0,0.0,0.0,0.0,0.0
2023-10-26 02:48:59,100,36.0,-36.0,80.0,-44.0,9.0,39.0,-3.0,-81.0,0.0,0.0,0.0,0.0,0.0
2023-10-26 02:58:07,100,0.0,36.0,-36.0,80.0,-44.0,9.0,39.0,-3.0,-81.0,0.0,0.0,0.0,0.0
2023-10-26 07:30:01,100,0.0,0.0,36.0,-36.0,80.0,-44.0,9.0,39.0,-3.0,-81.0,0.0,0.0,0.0
2023-10-26 07:50:38,45,-55.0,0.0,0.0,36.0,-36.0,80.0,-44.0,9.0,39.0,-3.0,-81.0,0.0,0.0
2023-10-26 07:57:02,100,55.0,-55.0,0.0,0.0,36.0,-36.0,80.0,-44.0,9.0,39.0,-3.0,-81.0,0.0
2023-10-26 07:57:54,100,0.0,55.0,-55.0,0.0,0.0,36.0,-36.0,80.0,-44.0,9.0,39.0,-3.0,-81.0
2023-10-26 07:59:40,100,0.0,0.0,55.0,-55.0,0.0,0.0,36.0,-36.0,80.0,-44.0,9.0,39.0,-3.0
2023-10-26 08:05:31,100,0.0,0.0,0.0,55.0,-55.0,0.0,0.0,36.0,-36.0,80.0,-44.0,9.0,39.0
2023-10-26 08:10:47,100,0.0,0.0,0.0,0.0,55.0,-55.0,0.0,0.0,36.0,-36.0,80.0,-44.0,9.0
2023-10-26 08:22:39,100,0.0,0.0,0.0,0.0,0.0,55.0,-55.0,0.0,0.0,36.0,-36.0,80.0,-44.0
2023-10-26 08:42:55,100,0.0,0.0,0.0,0.0,0.0,0.0,55.0,-55.0,0.0,0.0,36.0,-36.0,80.0
2023-10-26 09:36:00,100,0.0,0.0,0.0,0.0,0.0,0.0,0.0,55.0,-55.0,0.0,0.0,36.0,-36.0
2023-10-26 10:18:51,100,0.0,0.0,0.0,0.0,0.0,0.0,0.0,0.0,55.0,-55.0,0.0,0.0,36.0
2023-10-26 10:22:50,100,0.0,0.0,0.0,0.0,0.0,0.0,0.0,0.0,0.0,55.0,-55.0,0.0,0.0
2023-10-26 10:23:30,100,0.0,0.0,0.0,0.0,0.0,0.0,0.0,0.0,0.0,0.0,55.0,-55.0,0.0
2023-10-26 10:29:35,100,0.0,0.0,0.0,0.0,0.0,0.0,0.0,0.0,0.0,0.0,0.0,55.0,-55.0
2023-10-26 10:59:00,100,0.0,0.0,0.0,0.0,0.0,0.0,0.0,0.0,0.0,0.0,0.0,0.0,55.0
2023-10-26 11:19:12,100,0.0,0.0,0.0,0.0,0.0,0.0,0.0,0.0,0.0,0.0,0.0,0.0,0.0
2023-10-26 11:40:27,100,0.0,0.0,0.0,0.0,0.0,0.0,0.0,0.0,0.0,0.0,0.0,0.0,0.0
2023-10-26 11:40:35,100,0.0,0.0,0.0,0.0,0.0,0.0,0.0,0.0,0.0,0.0,0.0,0.0,0.0
2023-10-26 12:37:40,100,0.0,0.0,0.0,0.0,0.0,0.0,0.0,0.0,0.0,0.0,0.0,0.0,0.0
2023-10-26 12:45:48,100,0.0,0.0,0.0,0.0,0.0,0.0,0.0,0.0,0.0,0.0,0.0,0.0,0.0
2023-10-27 01:00:20,100,0.0,0.0,0.0,0.0,0.0,0.0,0.0,0.0,0.0,0.0,0.0,0.0,0.0
2023-10-27 01:11:51,100,0.0,0.0,0.0,0.0,0.0,0.0,0.0,0.0,0.0,0.0,0.0,0.0,0.0
2023-10-27 01:19:52,100,0.0,0.0,0.0,0.0,0.0,0.0,0.0,0.0,0.0,0.0,0.0,0.0,0.0
2023-10-27 01:21:17,100,0.0,0.0,0.0,0.0,0.0,0.0,0.0,0.0,0.0,0.0,0.0,0.0,0.0
2023-10-27 01:36:37,100,0.0,0.0,0.0,0.0,0.0,0.0,0.0,0.0,0.0,0.0,0.0,0.0,0.0
2023-10-27 07:22:45,100,0.0,0.0,0.0,0.0,0.0,0.0,0.0,0.0,0.0,0.0,0.0,0.0,0.0
2023-10-27 07:24:20,100,0.0,0.0,0.0,0.0,0.0,0.0,0.0,0.0,0.0,0.0,0.0,0.0,0.0
2023-10-27 07:30:44,100,0.0,0.0,0.0,0.0,0.0,0.0,0.0,0.0,0.0,0.0,0.0,0.0,0.0
2023-10-27 08:03:24,100,0.0,0.0,0.0,0.0,0.0,0.0,0.0,0.0,0.0,0.0,0.0,0.0,0.0
2023-10-27 08:08:10,100,0.0,0.0,0.0,0.0,0.0,0.0,0.0,0.0,0.0,0.0,0.0,0.0,0.0
2023-10-27 08:12:06,100,0.0,0.0,0.0,0.0,0.0,0.0,0.0,0.0,0.0,0.0,0.0,0.0,0.0
2023-10-27 08:25:34,100,0.0,0.0,0.0,0.0,0.0,0.0,0.0,0.0,0.0,0.0,0.0,0.0,0.0
2023-10-27 08:32:15,100,0.0,0.0,0.0,0.0,0.0,0.0,0.0,0.0,0.0,0.0,0.0,0.0,0.0
2023-10-27 08:35:40,100,0.0,0.0,0.0,0.0,0.0,0.0,0.0,0.0,0.0,0.0,0.0,0.0,0.0
2023-10-27 08:38:18,100,0.0,0.0,0.0,0.0,0.0,0.0,0.0,0.0,0.0,0.0,0.0,0.0,0.0
2023-10-27 08:43:58,100,0.0,0.0,0.0,0.0,0.0,0.0,0.0,0.0,0.0,0.0,0.0,0.0,0.0
2023-10-27 08:54:00,100,0.0,0.0,0.0,0.0,0.0,0.0,0.0,0.0,0.0,0.0,0.0,0.0,0.0
2023-10-27 09:11:15,100,0.0,0.0,0.0,0.0,0.0,0.0,0.0,0.0,0.0,0.0,0.0,0.0,0.0
2023-10-27 09:13:14,100,0.0,0.0,0.0,0.0,0.0,0.0,0.0,0.0,0.0,0.0,0.0,0.0,0.0
2023-10-27 09:15:16,100,0.0,0.0,0.0,0.0,0.0,0.0,0.0,0.0,0.0,0.0,0.0,0.0,0.0
2023-10-27 09:19:03,100,0.0,0.0,0.0,0.0,0.0,0.0,0.0,0.0,0.0,0.0,0.0,0.0,0.0
2023-10-27 09:41:50,100,0.0,0.0,0.0,0.0,0.0,0.0,0.0,0.0,0.0,0.0,0.0,0.0,0.0
2023-10-27 09:46:23,100,0.0,0.0,0.0,0.0,0.0,0.0,0.0,0.0,0.0,0.0,0.0,0.0,0.0
2023-10-27 09:51:08,100,0.0,0.0,0.0,0.0,0.0,0.0,0.0,0.0,0.0,0.0,0.0,0.0,0.0
2023-10-27 09:57:25,100,0.0,0.0,0.0,0.0,0.0,0.0,0.0,0.0,0.0,0.0,0.0,0.0,0.0
2023-10-27 10:01:03,100,0.0,0.0,0.0,0.0,0.0,0.0,0.0,0.0,0.0,0.0,0.0,0.0,0.0
2023-10-27 10:02:23,100,0.0,0.0,0.0,0.0,0.0,0.0,0.0,0.0,0.0,0.0,0.0,0.0,0.0
2023-10-27 10:03:47,100,0.0,0.0,0.0,0.0,0.0,0.0,0.0,0.0,0.0,0.0,0.0,0.0,0.0
2023-10-27 10:17:34,100,0.0,0.0,0.0,0.0,0.0,0.0,0.0,0.0,0.0,0.0,0.0,0.0,0.0
2023-10-27 10:28:56,100,0.0,0.0,0.0,0.0,0.0,0.0,0.0,0.0,0.0,0.0,0.0,0.0,0.0
2023-10-27 10:37:50,100,0.0,0.0,0.0,0.0,0.0,0.0,0.0,0.0,0.0,0.0,0.0,0.0,0.0
2023-10-27 10:42:35,100,0.0,0.0,0.0,0.0,0.0,0.0,0.0,0.0,0.0,0.0,0.0,0.0,0.0
2023-10-27 10:55:13,100,0.0,0.0,0.0,0.0,0.0,0.0,0.0,0.0,0.0,0.0,0.0,0.0,0.0
2023-10-27 11:05:14,100,0.0,0.0,0.0,0.0,0.0,0.0,0.0,0.0,0.0,0.0,0.0,0.0,0.0
2023-10-30 01:22:46,100,0.0,0.0,0.0,0.0,0.0,0.0,0.0,0.0,0.0,0.0,0.0,0.0,0.0
2023-10-30 02:12:01,100,0.0,0.0,0.0,0.0,0.0,0.0,0.0,0.0,0.0,0.0,0.0,0.0,0.0
2023-10-30 02:27:50,100,0.0,0.0,0.0,0.0,0.0,0.0,0.0,0.0,0.0,0.0,0.0,0.0,0.0
2023-10-30 10:29:20,100,0.0,0.0,0.0,0.0,0.0,0.0,0.0,0.0,0.0,0.0,0.0,0.0,0.0
2023-10-30 11:48:49,20,-80.0,0.0,0.0,0.0,0.0,0.0,0.0,0.0,0.0,0.0,0.0,0.0,0.0
2023-10-30 12:13:13,45,25.0,-80.0,0.0,0.0,0.0,0.0,0.0,0.0,0.0,0.0,0.0,0.0,0.0
2023-10-31 01:01:38,100,55.0,25.0,-80.0,0.0,0.0,0.0,0.0,0.0,0.0,0.0,0.0,0.0,0.0
2023-10-31 01:07:19,100,0.0,55.0,25.0,-80.0,0.0,0.0,0.0,0.0,0.0,0.0,0.0,0.0,0.0
2023-10-31 01:07:43,100,0.0,0.0,55.0,25.0,-80.0,0.0,0.0,0.0,0.0,0.0,0.0,0.0,0.0
2023-10-31 01:08:54,100,0.0,0.0,0.0,55.0,25.0,-80.0,0.0,0.0,0.0,0.0,0.0,0.0,0.0
2023-10-31 01:10:10,100,0.0,0.0,0.0,0.0,55.0,25.0,-80.0,0.0,0.0,0.0,0.0,0.0,0.0
2023-10-31 01:12:47,100,0.0,0.0,0.0,0.0,0.0,55.0,25.0,-80.0,0.0,0.0,0.0,0.0,0.0
2023-10-31 01:21:26,100,0.0,0.0,0.0,0.0,0.0,0.0,55.0,25.0,-80.0,0.0,0.0,0.0,0.0
2023-10-31 01:21:55,100,0.0,0.0,0.0,0.0,0.0,0.0,0.0,55.0,25.0,-80.0,0.0,0.0,0.0
2023-10-31 01:24:33,100,0.0,0.0,0.0,0.0,0.0,0.0,0.0,0.0,55.0,25.0,-80.0,0.0,0.0
2023-10-31 01:24:39,100,0.0,0.0,0.0,0.0,0.0,0.0,0.0,0.0,0.0,55.0,25.0,-80.0,0.0
2023-10-31 01:37:30,100,0.0,0.0,0.0,0.0,0.0,0.0,0.0,0.0,0.0,0.0,55.0,25.0,-80.0
2023-10-31 01:51:01,100,0.0,0.0,0.0,0.0,0.0,0.0,0.0,0.0,0.0,0.0,0.0,55.0,25.0
2023-10-31 01:53:12,100,0.0,0.0,0.0,0.0,0.0,0.0,0.0,0.0,0.0,0.0,0.0,0.0,55.0
2023-10-31 01:53:21,100,0.0,0.0,0.0,0.0,0.0,0.0,0.0,0.0,0.0,0.0,0.0,0.0,0.0
2023-10-31 01:54:10,100,0.0,0.0,0.0,0.0,0.0,0.0,0.0,0.0,0.0,0.0,0.0,0.0,0.0
2023-10-31 01:55:42,100,0.0,0.0,0.0,0.0,0.0,0.0,0.0,0.0,0.0,0.0,0.0,0.0,0.0
2023-10-31 02:07:57,100,0.0,0.0,0.0,0.0,0.0,0.0,0.0,0.0,0.0,0.0,0.0,0.0,0.0
2023-10-31 02:10:00,100,0.0,0.0,0.0,0.0,0.0,0.0,0.0,0.0,0.0,0.0,0.0,0.0,0.0
2023-10-31 02:36:31,100,0.0,0.0,0.0,0.0,0.0,0.0,0.0,0.0,0.0,0.0,0.0,0.0,0.0
2023-10-31 02:36:32,100,0.0,0.0,0.0,0.0,0.0,0.0,0.0,0.0,0.0,0.0,0.0,0.0,0.0
2023-10-31 02:40:31,100,0.0,0.0,0.0,0.0,0.0,0.0,0.0,0.0,0.0,0.0,0.0,0.0,0.0
2023-10-31 02:40:44,100,0.0,0.0,0.0,0.0,0.0,0.0,0.0,0.0,0.0,0.0,0.0,0.0,0.0
2023-10-31 02:41:20,100,0.0,0.0,0.0,0.0,0.0,0.0,0.0,0.0,0.0,0.0,0.0,0.0,0.0
2023-10-31 02:41:47,100,0.0,0.0,0.0,0.0,0.0,0.0,0.0,0.0,0.0,0.0,0.0,0.0,0.0
2023-10-31 02:41:50,100,0.0,0.0,0.0,0.0,0.0,0.0,0.0,0.0,0.0,0.0,0.0,0.0,0.0
2023-10-31 02:42:10,100,0.0,0.0,0.0,0.0,0.0,0.0,0.0,0.0,0.0,0.0,0.0,0.0,0.0
2023-10-31 02:46:38,100,0.0,0.0,0.0,0.0,0.0,0.0,0.0,0.0,0.0,0.0,0.0,0.0,0.0
2023-10-31 02:48:38,100,0.0,0.0,0.0,0.0,0.0,0.0,0.0,0.0,0.0,0.0,0.0,0.0,0.0
2023-10-31 02:50:25,100,0.0,0.0,0.0,0.0,0.0,0.0,0.0,0.0,0.0,0.0,0.0,0.0,0.0
2023-10-31 02:54:32,100,0.0,0.0,0.0,0.0,0.0,0.0,0.0,0.0,0.0,0.0,0.0,0.0,0.0
2023-10-31 07:36:50,100,0.0,0.0,0.0,0.0,0.0,0.0,0.0,0.0,0.0,0.0,0.0,0.0,0.0
2023-10-31 07:53:03,100,0.0,0.0,0.0,0.0,0.0,0.0,0.0,0.0,0.0,0.0,0.0,0.0,0.0
2023-10-31 08:12:04,100,0.0,0.0,0.0,0.0,0.0,0.0,0.0,0.0,0.0,0.0,0.0,0.0,0.0
2023-10-31 08:12:19,100,0.0,0.0,0.0,0.0,0.0,0.0,0.0,0.0,0.0,0.0,0.0,0.0,0.0
2023-10-31 08:25:26,100,0.0,0.0,0.0,0.0,0.0,0.0,0.0,0.0,0.0,0.0,0.0,0.0,0.0
2023-10-31 08:42:44,100,0.0,0.0,0.0,0.0,0.0,0.0,0.0,0.0,0.0,0.0,0.0,0.0,0.0
2023-10-31 08:45:49,100,0.0,0.0,0.0,0.0,0.0,0.0,0.0,0.0,0.0,0.0,0.0,0.0,0.0
2023-10-31 08:48:42,100,0.0,0.0,0.0,0.0,0.0,0.0,0.0,0.0,0.0,0.0,0.0,0.0,0.0
2023-10-31 10:14:25,100,0.0,0.0,0.0,0.0,0.0,0.0,0.0,0.0,0.0,0.0,0.0,0.0,0.0
2023-10-31 10:46:37,100,0.0,0.0,0.0,0.0,0.0,0.0,0.0,0.0,0.0,0.0,0.0,0.0,0.0
2023-10-31 10:49:17,100,0.0,0.0,0.0,0.0,0.0,0.0,0.0,0.0,0.0,0.0,0.0,0.0,0.0
2023-10-31 10:51:16,100,0.0,0.0,0.0,0.0,0.0,0.0,0.0,0.0,0.0,0.0,0.0,0.0,0.0
2023-10-31 10:57:42,100,0.0,0.0,0.0,0.0,0.0,0.0,0.0,0.0,0.0,0.0,0.0,0.0,0.0
2023-10-31 10:58:09,100,0.0,0.0,0.0,0.0,0.0,0.0,0.0,0.0,0.0,0.0,0.0,0.0,0.0
2023-10-31 11:01:15,100,0.0,0.0,0.0,0.0,0.0,0.0,0.0,0.0,0.0,0.0,0.0,0.0,0.0
2023-10-31 11:03:24,100,0.0,0.0,0.0,0.0,0.0,0.0,0.0,0.0,0.0,0.0,0.0,0.0,0.0
2023-10-31 11:10:38,100,0.0,0.0,0.0,0.0,0.0,0.0,0.0,0.0,0.0,0.0,0.0,0.0,0.0
2023-10-31 11:17:17,100,0.0,0.0,0.0,0.0,0.0,0.0,0.0,0.0,0.0,0.0,0.0,0.0,0.0
2023-10-31 11:24:16,100,0.0,0.0,0.0,0.0,0.0,0.0,0.0,0.0,0.0,0.0,0.0,0.0,0.0
2023-10-31 11:25:08,100,0.0,0.0,0.0,0.0,0.0,0.0,0.0,0.0,0.0,0.0,0.0,0.0,0.0
2023-10-31 11:29:34,100,0.0,0.0,0.0,0.0,0.0,0.0,0.0,0.0,0.0,0.0,0.0,0.0,0.0
2023-10-31 11:31:57,100,0.0,0.0,0.0,0.0,0.0,0.0,0.0,0.0,0.0,0.0,0.0,0.0,0.0
2023-10-31 11:39:02,100,0.0,0.0,0.0,0.0,0.0,0.0,0.0,0.0,0.0,0.0,0.0,0.0,0.0
2023-10-31 11:43:37,100,0.0,0.0,0.0,0.0,0.0,0.0,0.0,0.0,0.0,0.0,0.0,0.0,0.0
2023-10-31 12:03:35,100,0.0,0.0,0.0,0.0,0.0,0.0,0.0,0.0,0.0,0.0,0.0,0.0,0.0
2023-10-31 12:07:14,100,0.0,0.0,0.0,0.0,0.0,0.0,0.0,0.0,0.0,0.0,0.0,0.0,0.0
2023-10-31 12:07:17,100,0.0,0.0,0.0,0.0,0.0,0.0,0.0,0.0,0.0,0.0,0.0,0.0,0.0
2023-10-31 12:23:09,100,0.0,0.0,0.0,0.0,0.0,0.0,0.0,0.0,0.0,0.0,0.0,0.0,0.0
2023-10-31 12:42:34,100,0.0,0.0,0.0,0.0,0.0,0.0,0.0,0.0,0.0,0.0,0.0,0.0,0.0
2023-10-31 12:45:03,100,0.0,0.0,0.0,0.0,0.0,0.0,0.0,0.0,0.0,0.0,0.0,0.0,0.0
2023-11-01 02:10:04,20,-80.0,0.0,0.0,0.0,0.0,0.0,0.0,0.0,0.0,0.0,0.0,0.0,0.0
2023-11-01 02:48:53,100,80.0,-80.0,0.0,0.0,0.0,0.0,0.0,0.0,0.0,0.0,0.0,0.0,0.0
2023-11-01 08:34:28,100,0.0,80.0,-80.0,0.0,0.0,0.0,0.0,0.0,0.0,0.0,0.0,0.0,0.0
2023-11-01 08:36:53,100,0.0,0.0,80.0,-80.0,0.0,0.0,0.0,0.0,0.0,0.0,0.0,0.0,0.0
2023-11-01 08:38:14,100,0.0,0.0,0.0,80.0,-80.0,0.0,0.0,0.0,0.0,0.0,0.0,0.0,0.0
2023-11-01 08:46:01,100,0.0,0.0,0.0,0.0,80.0,-80.0,0.0,0.0,0.0,0.0,0.0,0.0,0.0
2023-11-01 08:53:35,100,0.0,0.0,0.0,0.0,0.0,80.0,-80.0,0.0,0.0,0.0,0.0,0.0,0.0
2023-11-01 08:55:40,100,0.0,0.0,0.0,0.0,0.0,0.0,80.0,-80.0,0.0,0.0,0.0,0.0,0.0
2023-11-01 09:04:18,100,0.0,0.0,0.0,0.0,0.0,0.0,0.0,80.0,-80.0,0.0,0.0,0.0,0.0
2023-11-01 09:34:11,100,0.0,0.0,0.0,0.0,0.0,0.0,0.0,0.0,80.0,-80.0,0.0,0.0,0.0
2023-11-01 09:40:24,100,0.0,0.0,0.0,0.0,0.0,0.0,0.0,0.0,0.0,80.0,-80.0,0.0,0.0
2023-11-01 09:40:36,100,0.0,0.0,0.0,0.0,0.0,0.0,0.0,0.0,0.0,0.0,80.0,-80.0,0.0
2023-11-01 10:00:18,100,0.0,0.0,0.0,0.0,0.0,0.0,0.0,0.0,0.0,0.0,0.0,80.0,-80.0
2023-11-01 10:29:10,100,0.0,0.0,0.0,0.0,0.0,0.0,0.0,0.0,0.0,0.0,0.0,0.0,80.0
2023-11-01 11:24:23,100,0.0,0.0,0.0,0.0,0.0,0.0,0.0,0.0,0.0,0.0,0.0,0.0,0.0
2023-11-01 11:49:07,100,0.0,0.0,0.0,0.0,0.0,0.0,0.0,0.0,0.0,0.0,0.0,0.0,0.0
2023-11-01 12:33:23,100,0.0,0.0,0.0,0.0,0.0,0.0,0.0,0.0,0.0,0.0,0.0,0.0,0.0
2023-11-02 02:39:49,12,-88.0,0.0,0.0,0.0,0.0,0.0,0.0,0.0,0.0,0.0,0.0,0.0,0.0
2023-11-02 11:14:34,20,8.0,-88.0,0.0,0.0,0.0,0.0,0.0,0.0,0.0,0.0,0.0,0.0,0.0
2023-11-02 11:34:46,100,80.0,8.0,-88.0,0.0,0.0,0.0,0.0,0.0,0.0,0.0,0.0,0.0,0.0
2023-11-03 03:24:18,100,0.0,80.0,8.0,-88.0,0.0,0.0,0.0,0.0,0.0,0.0,0.0,0.0,0.0
2023-11-03 07:27:07,100,0.0,0.0,80.0,8.0,-88.0,0.0,0.0,0.0,0.0,0.0,0.0,0.0,0.0
2023-11-06 09:12:48,100,0.0,0.0,0.0,80.0,8.0,-88.0,0.0,0.0,0.0,0.0,0.0,0.0,0.0
2023-11-06 11:01:31,100,0.0,0.0,0.0,0.0,80.0,8.0,-88.0,0.0,0.0,0.0,0.0,0.0,0.0
2023-11-07 09:31:46,100,0.0,0.0,0.0,0.0,0.0,80.0,8.0,-88.0,0.0,0.0,0.0,0.0,0.0
2023-11-07 10:36:53,100,0.0,0.0,0.0,0.0,0.0,0.0,80.0,8.0,-88.0,0.0,0.0,0.0,0.0
2023-11-08 01:46:33,100,0.0,0.0,0.0,0.0,0.0,0.0,0.0,80.0,8.0,-88.0,0.0,0.0,0.0
2023-11-08 01:46:38,100,0.0,0.0,0.0,0.0,0.0,0.0,0.0,0.0,80.0,8.0,-88.0,0.0,0.0
2023-11-08 01:47:36,100,0.0,0.0,0.0,0.0,0.0,0.0,0.0,0.0,0.0,80.0,8.0,-88.0,0.0
2023-11-08 02:04:19,100,0.0,0.0,0.0,0.0,0.0,0.0,0.0,0.0,0.0,0.0,80.0,8.0,-88.0
2023-11-08 02:14:24,100,0.0,0.0,0.0,0.0,0.0,0.0,0.0,0.0,0.0,0.0,0.0,80.0,8.0
2023-11-08 02:14:40,100,0.0,0.0,0.0,0.0,0.0,0.0,0.0,0.0,0.0,0.0,0.0,0.0,80.0
2023-11-08 02:15:32,100,0.0,0.0,0.0,0.0,0.0,0.0,0.0,0.0,0.0,0.0,0.0,0.0,0.0
2023-11-08 02:20:38,100,0.0,0.0,0.0,0.0,0.0,0.0,0.0,0.0,0.0,0.0,0.0,0.0,0.0
2023-11-08 02:26:41,100,0.0,0.0,0.0,0.0,0.0,0.0,0.0,0.0,0.0,0.0,0.0,0.0,0.0
2023-11-08 02:46:39,100,0.0,0.0,0.0,0.0,0.0,0.0,0.0,0.0,0.0,0.0,0.0,0.0,0.0
2023-11-08 03:49:07,100,0.0,0.0,0.0,0.0,0.0,0.0,0.0,0.0,0.0,0.0,0.0,0.0,0.0
2023-11-08 04:07:30,100,0.0,0.0,0.0,0.0,0.0,0.0,0.0,0.0,0.0,0.0,0.0,0.0,0.0
2023-11-08 08:36:09,100,0.0,0.0,0.0,0.0,0.0,0.0,0.0,0.0,0.0,0.0,0.0,0.0,0.0
2023-11-08 09:47:30,100,0.0,0.0,0.0,0.0,0.0,0.0,0.0,0.0,0.0,0.0,0.0,0.0,0.0
2023-11-08 10:00:05,100,0.0,0.0,0.0,0.0,0.0,0.0,0.0,0.0,0.0,0.0,0.0,0.0,0.0
2023-11-08 11:44:18,100,0.0,0.0,0.0,0.0,0.0,0.0,0.0,0.0,0.0,0.0,0.0,0.0,0.0
2023-11-08 12:11:23,100,0.0,0.0,0.0,0.0,0.0,0.0,0.0,0.0,0.0,0.0,0.0,0.0,0.0
2023-11-08 12:15:54,100,0.0,0.0,0.0,0.0,0.0,0.0,0.0,0.0,0.0,0.0,0.0,0.0,0.0
2023-11-08 12:27:10,100,0.0,0.0,0.0,0.0,0.0,0.0,0.0,0.0,0.0,0.0,0.0,0.0,0.0
2023-11-08 12:31:34,100,0.0,0.0,0.0,0.0,0.0,0.0,0.0,0.0,0.0,0.0,0.0,0.0,0.0
2023-11-08 12:35:37,100,0.0,0.0,0.0,0.0,0.0,0.0,0.0,0.0,0.0,0.0,0.0,0.0,0.0
2023-11-08 12:38:05,100,0.0,0.0,0.0,0.0,0.0,0.0,0.0,0.0,0.0,0.0,0.0,0.0,0.0
2023-11-08 12:41:11,100,0.0,0.0,0.0,0.0,0.0,0.0,0.0,0.0,0.0,0.0,0.0,0.0,0.0
2023-11-08 12:41:31,100,0.0,0.0,0.0,0.0,0.0,0.0,0.0,0.0,0.0,0.0,0.0,0.0,0.0
2023-11-08 12:47:01,100,0.0,0.0,0.0,0.0,0.0,0.0,0.0,0.0,0.0,0.0,0.0,0.0,0.0
2023-11-08 12:47:06,100,0.0,0.0,0.0,0.0,0.0,0.0,0.0,0.0,0.0,0.0,0.0,0.0,0.0
2023-11-09 08:21:28,100,0.0,0.0,0.0,0.0,0.0,0.0,0.0,0.0,0.0,0.0,0.0,0.0,0.0
2023-11-09 08:21:43,100,0.0,0.0,0.0,0.0,0.0,0.0,0.0,0.0,0.0,0.0,0.0,0.0,0.0
2023-11-09 08:26:44,100,0.0,0.0,0.0,0.0,0.0,0.0,0.0,0.0,0.0,0.0,0.0,0.0,0.0
2023-11-09 08:28:40,100,0.0,0.0,0.0,0.0,0.0,0.0,0.0,0.0,0.0,0.0,0.0,0.0,0.0
2023-11-09 08:45:53,100,0.0,0.0,0.0,0.0,0.0,0.0,0.0,0.0,0.0,0.0,0.0,0.0,0.0
2023-11-09 08:49:01,100,0.0,0.0,0.0,0.0,0.0,0.0,0.0,0.0,0.0,0.0,0.0,0.0,0.0
2023-11-09 09:00:44,100,0.0,0.0,0.0,0.0,0.0,0.0,0.0,0.0,0.0,0.0,0.0,0.0,0.0
2023-11-09 09:04:33,100,0.0,0.0,0.0,0.0,0.0,0.0,0.0,0.0,0.0,0.0,0.0,0.0,0.0
2023-11-09 09:29:04,100,0.0,0.0,0.0,0.0,0.0,0.0,0.0,0.0,0.0,0.0,0.0,0.0,0.0
2023-11-09 10:39:21,100,0.0,0.0,0.0,0.0,0.0,0.0,0.0,0.0,0.0,0.0,0.0,0.0,0.0
2023-11-09 11:20:18,100,0.0,0.0,0.0,0.0,0.0,0.0,0.0,0.0,0.0,0.0,0.0,0.0,0.0
2023-11-09 11:24:22,100,0.0,0.0,0.0,0.0,0.0,0.0,0.0,0.0,0.0,0.0,0.0,0.0,0.0
2023-11-09 11:25:45,100,0.0,0.0,0.0,0.0,0.0,0.0,0.0,0.0,0.0,0.0,0.0,0.0,0.0
2023-11-09 11:30:49,100,0.0,0.0,0.0,0.0,0.0,0.0,0.0,0.0,0.0,0.0,0.0,0.0,0.0
2023-11-09 11:37:36,100,0.0,0.0,0.0,0.0,0.0,0.0,0.0,0.0,0.0,0.0,0.0,0.0,0.0
2023-11-09 12:00:04,100,0.0,0.0,0.0,0.0,0.0,0.0,0.0,0.0,0.0,0.0,0.0,0.0,0.0
2023-11-09 12:07:26,100,0.0,0.0,0.0,0.0,0.0,0.0,0.0,0.0,0.0,0.0,0.0,0.0,0.0
2023-11-09 12:13:04,100,0.0,0.0,0.0,0.0,0.0,0.0,0.0,0.0,0.0,0.0,0.0,0.0,0.0
2023-11-09 12:19:03,100,0.0,0.0,0.0,0.0,0.0,0.0,0.0,0.0,0.0,0.0,0.0,0.0,0.0
2023-11-09 12:25:33,100,0.0,0.0,0.0,0.0,0.0,0.0,0.0,0.0,0.0,0.0,0.0,0.0,0.0
2023-11-09 12:25:41,100,0.0,0.0,0.0,0.0,0.0,0.0,0.0,0.0,0.0,0.0,0.0,0.0,0.0
2023-11-09 12:28:36,100,0.0,0.0,0.0,0.0,0.0,0.0,0.0,0.0,0.0,0.0,0.0,0.0,0.0
2023-11-09 12:38:38,100,0.0,0.0,0.0,0.0,0.0,0.0,0.0,0.0,0.0,0.0,0.0,0.0,0.0
2023-11-10 01:49:20,100,0.0,0.0,0.0,0.0,0.0,0.0,0.0,0.0,0.0,0.0,0.0,0.0,0.0
2023-11-10 12:53:35,100,0.0,0.0,0.0,0.0,0.0,0.0,0.0,0.0,0.0,0.0,0.0,0.0,0.0
2023-11-13 01:46:16,100,0.0,0.0,0.0,0.0,0.0,0.0,0.0,0.0,0.0,0.0,0.0,0.0,0.0
2023-11-14 03:20:47,100,0.0,0.0,0.0,0.0,0.0,0.0,0.0,0.0,0.0,0.0,0.0,0.0,0.0
2023-11-14 09:32:26,100,0.0,0.0,0.0,0.0,0.0,0.0,0.0,0.0,0.0,0.0,0.0,0.0,0.0
2023-11-14 09:38:29,100,0.0,0.0,0.0,0.0,0.0,0.0,0.0,0.0,0.0,0.0,0.0,0.0,0.0
2023-11-14 12:20:38,100,0.0,0.0,0.0,0.0,0.0,0.0,0.0,0.0,0.0,0.0,0.0,0.0,0.0
2023-11-15 01:48:37,100,0.0,0.0,0.0,0.0,0.0,0.0,0.0,0.0,0.0,0.0,0.0,0.0,0.0
2023-11-15 01:55:21,100,0.0,0.0,0.0,0.0,0.0,0.0,0.0,0.0,0.0,0.0,0.0,0.0,0.0
2023-11-15 03:13:38,100,0.0,0.0,0.0,0.0,0.0,0.0,0.0,0.0,0.0,0.0,0.0,0.0,0.0
2023-11-15 09:13:44,100,0.0,0.0,0.0,0.0,0.0,0.0,0.0,0.0,0.0,0.0,0.0,0.0,0.0
2023-11-15 11:04:59,100,0.0,0.0,0.0,0.0,0.0,0.0,0.0,0.0,0.0,0.0,0.0,0.0,0.0
2023-11-15 11:30:30,100,0.0,0.0,0.0,0.0,0.0,0.0,0.0,0.0,0.0,0.0,0.0,0.0,0.0
2023-11-15 11:46:58,100,0.0,0.0,0.0,0.0,0.0,0.0,0.0,0.0,0.0,0.0,0.0,0.0,0.0
2023-11-15 12:02:42,100,0.0,0.0,0.0,0.0,0.0,0.0,0.0,0.0,0.0,0.0,0.0,0.0,0.0
2023-11-15 12:14:42,100,0.0,0.0,0.0,0.0,0.0,0.0,0.0,0.0,0.0,0.0,0.0,0.0,0.0
2023-11-15 12:31:12,100,0.0,0.0,0.0,0.0,0.0,0.0,0.0,0.0,0.0,0.0,0.0,0.0,0.0
2023-11-16 01:42:24,100,0.0,0.0,0.0,0.0,0.0,0.0,0.0,0.0,0.0,0.0,0.0,0.0,0.0
2023-11-16 01:50:12,100,0.0,0.0,0.0,0.0,0.0,0.0,0.0,0.0,0.0,0.0,0.0,0.0,0.0
2023-11-16 02:06:18,100,0.0,0.0,0.0,0.0,0.0,0.0,0.0,0.0,0.0,0.0,0.0,0.0,0.0
2023-11-16 08:22:40,100,0.0,0.0,0.0,0.0,0.0,0.0,0.0,0.0,0.0,0.0,0.0,0.0,0.0
2023-11-16 09:00:41,100,0.0,0.0,0.0,0.0,0.0,0.0,0.0,0.0,0.0,0.0,0.0,0.0,0.0
2023-11-20 02:24:52,100,0.0,0.0,0.0,0.0,0.0,0.0,0.0,0.0,0.0,0.0,0.0,0.0,0.0
2023-11-20 02:29:16,100,0.0,0.0,0.0,0.0,0.0,0.0,0.0,0.0,0.0,0.0,0.0,0.0,0.0
2023-11-20 02:29:44,100,0.0,0.0,0.0,0.0,0.0,0.0,0.0,0.0,0.0,0.0,0.0,0.0,0.0
2023-11-20 02:54:56,100,0.0,0.0,0.0,0.0,0.0,0.0,0.0,0.0,0.0,0.0,0.0,0.0,0.0
2023-11-20 04:11:50,100,0.0,0.0,0.0,0.0,0.0,0.0,0.0,0.0,0.0,0.0,0.0,0.0,0.0
2023-11-21 01:15:38,100,0.0,0.0,0.0,0.0,0.0,0.0,0.0,0.0,0.0,0.0,0.0,0.0,0.0
2023-11-21 01:15:49,100,0.0,0.0,0.0,0.0,0.0,0.0,0.0,0.0,0.0,0.0,0.0,0.0,0.0
2023-11-21 01:17:27,100,0.0,0.0,0.0,0.0,0.0,0.0,0.0,0.0,0.0,0.0,0.0,0.0,0.0
2023-11-21 02:02:42,100,0.0,0.0,0.0,0.0,0.0,0.0,0.0,0.0,0.0,0.0,0.0,0.0,0.0
2023-11-21 02:18:03,100,0.0,0.0,0.0,0.0,0.0,0.0,0.0,0.0,0.0,0.0,0.0,0.0,0.0
2023-11-21 02:50:42,100,0.0,0.0,0.0,0.0,0.0,0.0,0.0,0.0,0.0,0.0,0.0,0.0,0.0
2023-11-21 02:50:55,100,0.0,0.0,0.0,0.0,0.0,0.0,0.0,0.0,0.0,0.0,0.0,0.0,0.0
2023-11-21 02:54:34,100,0.0,0.0,0.0,0.0,0.0,0.0,0.0,0.0,0.0,0.0,0.0,0.0,0.0
2023-11-21 03:00:13,100,0.0,0.0,0.0,0.0,0.0,0.0,0.0,0.0,0.0,0.0,0.0,0.0,0.0
2023-11-21 03:28:25,100,0.0,0.0,0.0,0.0,0.0,0.0,0.0,0.0,0.0,0.0,0.0,0.0,0.0
2023-11-21 11:37:26,100,0.0,0.0,0.0,0.0,0.0,0.0,0.0,0.0,0.0,0.0,0.0,0.0,0.0
2023-11-21 12:01:09,100,0.0,0.0,0.0,0.0,0.0,0.0,0.0,0.0,0.0,0.0,0.0,0.0,0.0
2023-11-21 12:07:32,100,0.0,0.0,0.0,0.0,0.0,0.0,0.0,0.0,0.0,0.0,0.0,0.0,0.0
2023-11-21 12:15:08,100,0.0,0.0,0.0,0.0,0.0,0.0,0.0,0.0,0.0,0.0,0.0,0.0,0.0
2023-11-21 12:43:29,100,0.0,0.0,0.0,0.0,0.0,0.0,0.0,0.0,0.0,0.0,0.0,0.0,0.0
2023-11-22 04:04:22,100,0.0,0.0,0.0,0.0,0.0,0.0,0.0,0.0,0.0,0.0,0.0,0.0,0.0
2023-11-22 07:23:34,100,0.0,0.0,0.0,0.0,0.0,0.0,0.0,0.0,0.0,0.0,0.0,0.0,0.0
2023-11-22 07:44:45,100,0.0,0.0,0.0,0.0,0.0,0.0,0.0,0.0,0.0,0.0,0.0,0.0,0.0
2023-11-22 08:05:08,100,0.0,0.0,0.0,0.0,0.0,0.0,0.0,0.0,0.0,0.0,0.0,0.0,0.0
2023-11-22 08:10:40,100,0.0,0.0,0.0,0.0,0.0,0.0,0.0,0.0,0.0,0.0,0.0,0.0,0.0
2023-11-22 08:16:08,100,0.0,0.0,0.0,0.0,0.0,0.0,0.0,0.0,0.0,0.0,0.0,0.0,0.0
2023-11-22 08:18:44,100,0.0,0.0,0.0,0.0,0.0,0.0,0.0,0.0,0.0,0.0,0.0,0.0,0.0
2023-11-22 10:59:58,100,0.0,0.0,0.0,0.0,0.0,0.0,0.0,0.0,0.0,0.0,0.0,0.0,0.0
2023-11-22 11:00:42,100,0.0,0.0,0.0,0.0,0.0,0.0,0.0,0.0,0.0,0.0,0.0,0.0,0.0
2023-11-24 02:03:06,100,0.0,0.0,0.0,0.0,0.0,0.0,0.0,0.0,0.0,0.0,0.0,0.0,0.0
2023-11-24 02:36:21,100,0.0,0.0,0.0,0.0,0.0,0.0,0.0,0.0,0.0,0.0,0.0,0.0,0.0
2023-11-24 08:48:05,100,0.0,0.0,0.0,0.0,0.0,0.0,0.0,0.0,0.0,0.0,0.0,0.0,0.0
2023-11-24 10:54:33,100,0.0,0.0,0.0,0.0,0.0,0.0,0.0,0.0,0.0,0.0,0.0,0.0,0.0
2023-11-24 11:01:15,100,0.0,0.0,0.0,0.0,0.0,0.0,0.0,0.0,0.0,0.0,0.0,0.0,0.0
2023-11-24 11:14:43,100,0.0,0.0,0.0,0.0,0.0,0.0,0.0,0.0,0.0,0.0,0.0,0.0,0.0
2023-11-24 11:16:46,100,0.0,0.0,0.0,0.0,0.0,0.0,0.0,0.0,0.0,0.0,0.0,0.0,0.0
2023-11-24 11:40:51,100,0.0,0.0,0.0,0.0,0.0,0.0,0.0,0.0,0.0,0.0,0.0,0.0,0.0
2023-11-24 11:46:24,100,0.0,0.0,0.0,0.0,0.0,0.0,0.0,0.0,0.0,0.0,0.0,0.0,0.0
2023-11-24 12:16:35,100,0.0,0.0,0.0,0.0,0.0,0.0,0.0,0.0,0.0,0.0,0.0,0.0,0.0
2023-11-24 12:37:33,100,0.0,0.0,0.0,0.0,0.0,0.0,0.0,0.0,0.0,0.0,0.0,0.0,0.0
2023-11-27 09:31:52,100,0.0,0.0,0.0,0.0,0.0,0.0,0.0,0.0,0.0,0.0,0.0,0.0,0.0
2023-11-27 12:54:20,100,0.0,0.0,0.0,0.0,0.0,0.0,0.0,0.0,0.0,0.0,0.0,0.0,0.0
2023-11-28 11:32:40,100,0.0,0.0,0.0,0.0,0.0,0.0,0.0,0.0,0.0,0.0,0.0,0.0,0.0
2023-11-28 12:20:26,100,0.0,0.0,0.0,0.0,0.0,0.0,0.0,0.0,0.0,0.0,0.0,0.0,0.0
2023-11-28 12:47:27,100,0.0,0.0,0.0,0.0,0.0,0.0,0.0,0.0,0.0,0.0,0.0,0.0,0.0
2023-11-29 09:16:26,100,0.0,0.0,0.0,0.0,0.0,0.0,0.0,0.0,0.0,0.0,0.0,0.0,0.0
2023-11-29 09:17:07,100,0.0,0.0,0.0,0.0,0.0,0.0,0.0,0.0,0.0,0.0,0.0,0.0,0.0
2023-11-30 08:53:11,100,0.0,0.0,0.0,0.0,0.0,0.0,0.0,0.0,0.0,0.0,0.0,0.0,0.0
2023-11-30 09:11:12,100,0.0,0.0,0.0,0.0,0.0,0.0,0.0,0.0,0.0,0.0,0.0,0.0,0.0
2023-11-30 09:13:07,100,0.0,0.0,0.0,0.0,0.0,0.0,0.0,0.0,0.0,0.0,0.0,0.0,0.0
2023-11-30 11:46:56,100,0.0,0.0,0.0,0.0,0.0,0.0,0.0,0.0,0.0,0.0,0.0,0.0,0.0
2023-12-01 02:05:10,100,0.0,0.0,0.0,0.0,0.0,0.0,0.0,0.0,0.0,0.0,0.0,0.0,0.0
2023-12-01 02:39:19,100,0.0,0.0,0.0,0.0,0.0,0.0,0.0,0.0,0.0,0.0,0.0,0.0,0.0
2023-12-02 11:14:40,100,0.0,0.0,0.0,0.0,0.0,0.0,0.0,0.0,0.0,0.0,0.0,0.0,0.0
2023-12-02 11:15:47,100,0.0,0.0,0.0,0.0,0.0,0.0,0.0,0.0,0.0,0.0,0.0,0.0,0.0
2023-12-04 03:18:22,100,0.0,0.0,0.0,0.0,0.0,0.0,0.0,0.0,0.0,0.0,0.0,0.0,0.0
2023-12-04 03:39:51,100,0.0,0.0,0.0,0.0,0.0,0.0,0.0,0.0,0.0,0.0,0.0,0.0,0.0
2023-12-04 03:39:53,100,0.0,0.0,0.0,0.0,0.0,0.0,0.0,0.0,0.0,0.0,0.0,0.0,0.0
2023-12-04 03:39:54,100,0.0,0.0,0.0,0.0,0.0,0.0,0.0,0.0,0.0,0.0,0.0,0.0,0.0
2023-12-04 03:39:59,100,0.0,0.0,0.0,0.0,0.0,0.0,0.0,0.0,0.0,0.0,0.0,0.0,0.0
2023-12-05 07:18:13,100,0.0,0.0,0.0,0.0,0.0,0.0,0.0,0.0,0.0,0.0,0.0,0.0,0.0
2023-12-05 07:22:52,100,0.0,0.0,0.0,0.0,0.0,0.0,0.0,0.0,0.0,0.0,0.0,0.0,0.0
2023-12-05 10:57:52,100,0.0,0.0,0.0,0.0,0.0,0.0,0.0,0.0,0.0,0.0,0.0,0.0,0.0
2023-12-06 08:40:36,100,0.0,0.0,0.0,0.0,0.0,0.0,0.0,0.0,0.0,0.0,0.0,0.0,0.0
2023-12-06 08:50:39,100,0.0,0.0,0.0,0.0,0.0,0.0,0.0,0.0,0.0,0.0,0.0,0.0,0.0
2023-12-06 09:33:08,100,0.0,0.0,0.0,0.0,0.0,0.0,0.0,0.0,0.0,0.0,0.0,0.0,0.0
2023-12-06 09:43:44,100,0.0,0.0,0.0,0.0,0.0,0.0,0.0,0.0,0.0,0.0,0.0,0.0,0.0
2023-12-08 11:50:13,100,0.0,0.0,0.0,0.0,0.0,0.0,0.0,0.0,0.0,0.0,0.0,0.0,0.0
2023-12-09 09:20:01,100,0.0,0.0,0.0,0.0,0.0,0.0,0.0,0.0,0.0,0.0,0.0,0.0,0.0
