Model,MSE,RMSE,MAE,R2,SKU,Percent Change,Difference
Exponential Smoothing w/ Trend & Seasonality,0.4248248993832624,0.6517859306423102,0.4134588141370038,0.37021571933533914,0003714-S,,
Second Degree Approximation,0.22440579446795497,0.4737148873193189,0.2712469886499405,0.05801753717521241,0003715-S,,
Second Degree Approximation,0.3398110218533913,0.5829331195372169,0.47069806577095785,9.630351186007413e-05,0004155-S,,
Exponential Smoothing w/ Trend & Seasonality,0.6121696720418662,0.7824127248721523,0.38541129226438525,0.12513554012038752,0004665-S,,
Exponential Smoothing w/ Trend & Seasonality,2.042512328784205,1.4291649060847404,0.7040273521163113,0.03290309068977859,0004670-S,,
Second Degree Approximation,2.449810908644676,1.565187180066549,1.1271978263356814,0.03266812252114415,0004797-S,,
Least Squares Regression,0.06747125131644433,0.25975228837576064,0.1774589706374902,0.04977987729340938,0004813-S,,
Exponential Smoothing w/ Trend & Seasonality,0.26177812724462696,0.5116425776307392,0.3557842548960638,0.05207575882569959,0004827-S,,
Least Squares Regression,0.2384825546081291,0.4883467565246329,0.3655584174719384,0.004606987301082444,0004833-S,,
Exponential Smoothing w/ Trend & Seasonality,0.08369305860934574,0.2892975261030515,0.22132228203958204,0.43739666157050916,0004863-S,,
Second Degree Approximation,1.0065667737441024,1.0032780141835573,0.5501157240450782,0.0014991529278718385,0004867-S,,
Exponential Smoothing w/ Trend & Seasonality,0.4618037589676552,0.6795614460574225,0.47222482157207196,0.32828544150159245,0004868-S,,
Least Squares Regression,0.6274808267393789,0.7921368737405038,0.4533534308457347,0.0013489373141377659,0004869-S,,
Second Degree Approximation,0.20439178941658967,0.45209710175645856,0.3236903497932273,0.013079645388467176,0004870-S,,
Least Squares Regression,0.0655215554680187,0.25597178646878,0.09725965858041326,0.012136548328333219,0004873-S,,
Exponential Smoothing w/ Trend & Seasonality,1.1229176425120606,1.0596780843784874,0.47903902390966946,0.030867987177764844,0004878-S,,
Exponential Smoothing w/ Trend & Seasonality,0.3800466160165313,0.6164792097196233,0.4020889736155956,0.1270405749553164,0004926-S,,
Exponential Smoothing w/ Trend & Seasonality,0.388780016270996,0.6235222660587159,0.31144576782423006,0.05892286293362903,0004929-S,,
Second Degree Approximation,3.2409020290043102,1.8002505461752567,0.9295516746530184,0.009150972024159931,0004971-S,,
Least Squares Regression,1.027036028571669,1.0134278605661426,0.5373878890138729,0.0002995311241548171,0004978-S,,
Exponential Smoothing w/ Trend & Seasonality,0.54528472954248,0.7384339710105975,0.3525859341544208,0.004156570009685945,0005104-S,,
Second Degree Approximation,0.5745875167839154,0.758015512231719,0.673039086492292,0.04500375174847282,0010054-A,,
Second Degree Approximation,1.7681733665071504,1.3297268014547765,1.0484652601697115,0.015249981524483314,0020344-S,,
Exponential Smoothing w/ Trend & Seasonality,10.141492846578293,3.1845710616311096,2.345355245901372,0.03990587619097519,0020970-F,,
Second Degree Approximation,4.551433378739051,2.1334088634715687,1.543165343697848,0.005453100852164883,0021444-S,,
Least Squares Regression,2.294118496604529,1.5146347733379586,1.0214844623295325,0.011576605186346622,0022930-S,,
Least Squares Regression,6.3459310534844615,2.5191131482099927,1.9460892630607771,0.005166704731577099,0022942-S,,
Second Degree Approximation,8.073378393476856,2.841369105462516,2.0312868877563957,0.037256312297938465,0023130-S,,
Linear Regression,0.6331945683665612,0.7957352376051731,0.7204726994200678,0.025854510205290504,0023970-F,,
Exponential Smoothing w/ Trend & Seasonality,4.3405453324372365,2.083397545462036,1.644496188787482,0.4551805132521727,0023980-F,,
Second Degree Approximation,10.355854518103195,3.218051354174323,2.2951975987710536,0.00865633173220981,0023981-S,,
Linear Regression,0.694724390079238,0.833501283789796,0.7158334102871916,0.021596483971739633,0023985-S,,
Exponential Smoothing w/ Trend & Seasonality,6.715137090594321,2.5913581555999396,1.6075986112377394,0.15023475274733256,0024134-S,,
Exponential Smoothing w/ Trend & Seasonality,1.1984560028594482,1.0947401531228533,0.6429572050387232,0.1187823508386413,0024328-S,,
Exponential Smoothing w/ Trend & Seasonality,1.4137047955823485,1.188993185675321,0.6756911035351084,0.010016116905731232,0024656-S,,
Exponential Smoothing w/ Trend & Seasonality,1.5845602457340822,1.2587931703556714,0.8319033313238791,0.061001335861284645,0024902-S,,
Exponential Smoothing w/ Trend & Seasonality,0.3038348934121345,0.5512122036132133,0.36406006595007995,0.080283565887593,0026522-S,,
Linear Regression,0.978117414946246,0.9889981875343584,0.6600306146825704,0.0007881118596803072,0026549-S,,
Least Squares Regression,0.48865299597449885,0.6990371921253539,0.496969310366919,0.002075738178660136,0026592-S,,
Second Degree Approximation,2.684565691315407,1.638464430897237,1.1740637236326892,0.0010918357896160247,0026610-F,,
Exponential Smoothing w/ Trend & Seasonality,0.25928603775343,0.5092013724975906,0.3030986135890548,0.19237200833098278,0026610-S,,
Second Degree Approximation,0.08202643456188698,0.2864025742934008,0.217257852302782,0.08859517153458907,0026614-S,,
Second Degree Approximation,2.0687551593940245,1.4383167799181182,1.1296804737778308,0.009975517135325185,0026817-F,,
Second Degree Approximation,4.674283819059733,2.1620092088286147,1.7230422173790771,0.01594024861900356,0027464-S,,
Exponential Smoothing w/ Trend & Seasonality,8.441208238505636,2.9053757482476574,2.3479580089355596,0.052584578063280096,0027466-S,,
Second Degree Approximation,2.517324027331295,1.5866077105987146,1.3238738201002358,0.021040656037829786,0027470-S,,
Linear Regression,0.1620501967168635,0.4025545884931179,0.38881562881562903,0.20595403608736906,0027480-S,,
Second Degree Approximation,0.41395207327403283,0.6433910733558812,0.46047181654413233,0.03676536795850094,0027531-S,,
Exponential Smoothing w/ Trend & Seasonality,3.5694626846779505,1.8893021687062,1.4583321132756866,0.20402225846902844,0027640-S,,
Exponential Smoothing w/ Trend & Seasonality,5.744968271765823,2.3968663441597706,1.296040383017862,0.038402471919218084,0027734-S,,
Linear Regression,1.6336538918469548,1.2781447069275664,0.7539932289164012,0.0017634160525837883,0027735-S,,
Second Degree Approximation,16.592087061265257,4.073338564527291,3.11782735904842,0.032927488240319436,0027885-S,,
Least Squares Regression,0.8936493193983993,0.9453302700106452,0.7634770889487872,0.026915185543964992,0028419-F,,
Exponential Smoothing w/ Trend & Seasonality,5.60161277182471,2.36677264895146,1.4763566905840309,0.0003021454413127955,0028419-S,,
Linear Regression,4.016260433200456,2.0040609853995104,1.3542160105266905,0.002094800339764058,0028455-F,,
Second Degree Approximation,7.8728961643349376,2.8058681658864404,1.884982408185523,0.019157454609435076,0028495-S,,
Second Degree Approximation,2.2951052537200995,1.5149604792601354,1.0365600211338744,0.03796396408730229,0028506-F,,
Exponential Smoothing w/ Trend & Seasonality,4.070199902397113,2.0174736435445975,1.4413726694500006,0.03768494466847494,0028661-S,,
Exponential Smoothing w/ Trend & Seasonality,1.9709628422360954,1.4039098412063702,1.1571482237186945,0.2349901636603834,0029042-S,,
Second Degree Approximation,5.555119636623512,2.3569301297712477,1.2072782608572081,0.015049709818526047,0029050-S,,
Second Degree Approximation,10.497723333468844,3.24001903288682,2.8252550992601875,0.06535981411814673,0029089-S,,
Linear Regression,1.1277668875844284,1.061963694099016,0.7418465531673077,0.009467396326447886,0029331-S,,
Least Squares Regression,4.065615025321986,2.0163370316794724,1.7212628641200065,0.07770770258899407,0029445-F,,
Exponential Smoothing w/ Trend & Seasonality,8.323304401984169,2.8850137611429463,2.095096567644644,0.10555534784647747,0029559-S,,
Exponential Smoothing w/ Trend & Seasonality,6.72555757154615,2.5933679977099566,1.846175547862229,0.007817097743291201,0029653-S,,
Exponential Smoothing w/ Trend & Seasonality,41.67749534550324,6.455810975044362,2.941057691828092,0.022521348843049793,0029700-S,,
Least Squares Regression,0.8458854352548997,0.919720302730618,0.8695472873900292,0.015696948067025818,0029851-S,,
Exponential Smoothing w/ Trend & Seasonality,2.658790062655677,1.6305796707476998,1.2858049506197358,0.39684855060125845,0029860-S,,
Exponential Smoothing w/ Trend & Seasonality,4.228023400680729,2.0562157962336367,1.9027935215832625,0.23416934629179254,0030014-F,,
Exponential Smoothing w/ Trend & Seasonality,6.367074780954325,2.5233063192871223,2.0203603362168985,0.0488211455281653,0030015-S,,
Linear Regression,2.4076572384227117,1.5516627334645605,1.1414319248826292,0.006266311784765999,0030139-S,,
Linear Regression,1.5828083437719334,1.2580971122182634,0.925037445240478,0.014055034252746346,0030744-S,,
Exponential Smoothing w/ Trend & Seasonality,2.222692333703054,1.4908696568456459,1.0916317081324092,0.1481897643293686,0030775-F,,
Second Degree Approximation,0.9833879025665538,0.9916591665318049,0.8358317832002051,0.026348611320243687,0030829-S,,
Second Degree Approximation,2.369161295901222,1.5392080093025835,1.1415278755180247,0.17079354643457234,0031152-S,,
Second Degree Approximation,1.7032943301916086,1.305103187564726,0.8972800094381697,0.0648580147967639,0031359-S,,
Least Squares Regression,0.8191182414712926,0.9050515131589432,0.39276419489042463,0.00031335899765982944,0031369-S,,
Linear Regression,0.2984247230232366,0.5462826402360198,0.48641688080190765,0.0015529712977212506,0031471-S,,
Second Degree Approximation,7.409278591931076,2.721999006599943,1.6802220931527443,0.0018269173448365317,0032447-S,,
Exponential Smoothing w/ Trend & Seasonality,3.3821390128717566,1.8390592738875375,1.5000461741783724,0.24579478458608917,0032453-S,,
Second Degree Approximation,1.36936766128989,1.170199838185722,0.7388421372249176,0.21438668037552133,0032525-F,,
Exponential Smoothing w/ Trend & Seasonality,1.9437206546918857,1.3941738251351177,1.1498508050587501,0.06389373151962674,0032535-S,,
Exponential Smoothing w/ Trend & Seasonality,2.447895871933332,1.5645753008191494,1.22221533413801,0.00983987202696679,0032636-S,,
Linear Regression,1.1794362932551694,1.086018551064009,0.8505630235729593,0.0023565188631089473,0032922-F,,
Least Squares Regression,13.12560881315759,3.622928209771426,3.1886200716845874,0.0007760208028526616,0032925-S,,
Exponential Smoothing w/ Trend & Seasonality,0.583352166041681,0.7637749446281156,0.6666811442973147,0.5333182671666552,0032947-F,,
Second Degree Approximation,0.335993019049881,0.5796490481747391,0.39408174753206204,0.01704976819718762,0032947-S,,
Linear Regression,22.94141050073371,4.7897192507216655,3.65972079391197,0.013969715242111436,0033189-S,,
Exponential Smoothing w/ Trend & Seasonality,0.30111481200807616,0.5487392932969865,0.4938394268789379,0.3581500059827851,0033245-S,,
Linear Regression,3.4416533950708907,1.8551693709930883,0.9617173004140956,0.004261278631190302,0034555-S,,
Least Squares Regression,1.0958042824973129,1.046806707323426,0.8823529411764707,0.013776145752418367,0034567-S,,
Exponential Smoothing w/ Trend & Seasonality,9.128706307438652,3.021374903489908,1.6075677601678071,0.004992562004711876,0034580-S,,
Linear Regression,7.770900461516758,2.7876334876587987,1.793489187609585,0.008813716643270686,0035006-S,,
Linear Regression,0.5274129050706127,0.7262319912194812,0.5432925114262275,0.00016510887087650694,0035320-F,,
Exponential Smoothing w/ Trend & Seasonality,0.7765961520933854,0.881246930260404,0.6263389233770962,0.13526256684080085,0035351-F,,
Exponential Smoothing w/ Trend & Seasonality,0.29969348774543675,0.5474426798719997,0.4749966849547168,0.03705043281794118,0035352-F,,
Second Degree Approximation,0.1076429536302441,0.32808985603069796,0.16963736865214699,0.12091587868634013,0035387-F,,
Exponential Smoothing w/ Trend & Seasonality,1.6596511140359729,1.2882744715455525,0.9660099360567708,0.010188600441058071,0035389-F,,
Second Degree Approximation,0.7006974692714296,0.8370767403717712,0.6702799196574383,0.0019134885377890543,0035433-F,,
Second Degree Approximation,1.1329085972352735,1.0643817911047113,0.610586358399723,0.023120730527668276,0035449-F,,
Second Degree Approximation,2.140779618256785,1.4631403276025117,1.0807903234313738,0.011155525167675817,0035478-F,,
Exponential Smoothing w/ Trend & Seasonality,0.24500959713206752,0.4949844413030247,0.3488985227206447,0.19815040938596074,0035490-F,,
Least Squares Regression,1.0234352232153496,1.011649753232486,0.7528707266079218,0.009490306754045164,0035491-F,,
Second Degree Approximation,0.34818031891775386,0.5900680629535493,0.3720286449614201,0.004162837857257684,0035532-F,,
Second Degree Approximation,6.779272006570467,2.603703517409474,1.8065011395930448,0.023356511036008554,0035552-F,,
Exponential Smoothing w/ Trend & Seasonality,0.6381221580537153,0.7988254866075039,0.6495932296900873,0.04015792059420342,0035554-F,,
Least Squares Regression,0.6111843431931311,0.7817827979644545,0.6579552329098608,0.045024463760732436,0035581-F,,
Exponential Smoothing w/ Trend & Seasonality,3.6029658026952185,1.8981479928328082,1.3714532858685755,0.1128375661705242,0035702-S,,
Linear Regression,8.485530766331632,2.9129934373993414,2.391228612657184,0.005284670932416469,0035896-S,,
Second Degree Approximation,3.6889572885142234,1.9206658450949305,1.5000602070712166,0.000257204099782804,0035950-S,,
Second Degree Approximation,0.721459509132976,0.8493877260315079,0.6113941233314194,0.00799317494215801,0036007-F,,
Second Degree Approximation,1.8803487252258007,1.371258081188877,0.8352137979131654,0.023851572605704696,0036036-S,,
Second Degree Approximation,0.40712821476690525,0.6380659956202848,0.5464896986167554,0.014749720264089161,0036117-S,,
Exponential Smoothing w/ Trend & Seasonality,3.223924462641668,1.795529020272763,1.0334315827195002,0.019178581499918357,0036141-S,,
Exponential Smoothing w/ Trend & Seasonality,1.18855253934009,1.0902075670899052,0.6857085036833287,0.11758978139902398,0036691-F,,
Exponential Smoothing w/ Trend & Seasonality,3.8209006053583368,1.9547124098849775,1.5871615880831578,0.07174324557842537,0036991-S,,
Linear Regression,1.3919553622967191,1.1798115791501282,0.9524999450150531,0.0012446268559958007,0037103-S,,
Linear Regression,0.28630209843610455,0.5350720497616228,0.27318680669092593,0.007727663901196946,0037620-S,,
Second Degree Approximation,14.414697949817846,3.796669323211839,3.153069437267542,0.0016049370822887044,0037721-S,,
Least Squares Regression,2.169319135789831,1.4728608677637651,1.1138832811230999,0.0037637664443438412,0038301-S,,
Linear Regression,9.198423297533969,3.0328902547790895,1.98695652173913,0.004828734151096081,0038500-S,,
Second Degree Approximation,14.490173449369022,3.806596044942124,2.4205344497047787,0.018989516086920122,0038965-S,,
Second Degree Approximation,12.55388558843678,3.543146283804379,2.919005801993464,0.06701553894203349,0039108-S,,
Exponential Smoothing w/ Trend & Seasonality,12.343824106020156,3.5133778769184727,1.981278469284703,0.011703434265800006,0039250-S,,
Exponential Smoothing w/ Trend & Seasonality,2.23054878138315,1.4935021866013956,1.1468769643892238,0.05019272101149741,0039445-S,,
Exponential Smoothing w/ Trend & Seasonality,1.3711065616590252,1.1709425953730717,0.8608005466677906,0.33638442415703196,0039484-S,,
Exponential Smoothing w/ Trend & Seasonality,4.0333666761456906,2.008324345355025,1.4333329375266959,0.25857230217910077,0039578-S,,
Exponential Smoothing w/ Trend & Seasonality,3.8776658978841176,1.9691789908193003,1.1821639713273526,0.02902997348654912,0040013-X,,
Second Degree Approximation,0.22999561080455563,0.4795785762568587,0.43300565374330835,0.015429748268169341,0040299-X,,
Exponential Smoothing w/ Trend & Seasonality,0.16794053445201773,0.409805483677339,0.32809917911218206,0.10431714958923877,0040437-S,,
Second Degree Approximation,3.1925586585389376,1.7867732532526162,0.8857080847151539,0.0015453765319975998,0040643-S,,
Least Squares Regression,0.30673217697105176,0.5538340698901177,0.4208083146121038,0.0002484007151392076,0040644-S,,
Second Degree Approximation,0.7130220884707098,0.8444063526944298,0.6180648096197147,0.013889000825294873,0040861-S,,
Second Degree Approximation,0.5943800191483396,0.7709604523893165,0.5598934361899044,9.72607572093942e-05,0040862-S,,
Second Degree Approximation,0.9038770486655218,0.9507244862027704,0.7516839119774701,0.013342132521051542,0040875-S,,
Linear Regression,3.114879381119259,1.7649020882528468,0.6192895923072467,0.0021626919371542375,0040884-S,,
Second Degree Approximation,1.978251801777954,1.4065033955799588,0.7482500336809454,0.02293661009747383,0040912-S,,
Exponential Smoothing w/ Trend & Seasonality,0.7259590491559191,0.8520323052302179,0.6168210892333548,0.02190132771067299,0040913-S,,
Second Degree Approximation,1.9277276955160678,1.3884263378069677,0.6915273917881738,0.0006504202903648837,0040915-S,,
Second Degree Approximation,1.2861565807087723,1.1340884360175676,0.7804595357625197,0.0019356324608631459,0040941-S,,
Exponential Smoothing w/ Trend & Seasonality,0.7972153558124523,0.8928691706025313,0.44536234128198043,0.004462597544548141,0041045-S,,
Least Squares Regression,1.0393756520412172,1.0194977449907465,0.8661047387324757,0.0006003345757525924,0041064-S,,
Linear Regression,0.7093240541146605,0.8422137817173622,0.6293000477783083,0.05204024322495482,0041072-S,,
Second Degree Approximation,1.7305344046409379,1.3154977782729007,0.9798742612660336,0.05941229811447957,0041079-S,,
Second Degree Approximation,1.0799214986861374,1.0391927148927371,0.7807234339103856,0.0016492708262716427,0041138-S,,
Least Squares Regression,0.20937722042203621,0.45757755672895084,0.3211828892979621,0.013262263029240162,0041151-S,,
Second Degree Approximation,4.172232136342048,2.042604253481826,1.3235522478806827,0.0034505661360296758,0041153-S,,
Second Degree Approximation,0.4186374151091392,0.6470219587534408,0.4606969479101241,0.0022746429791914435,0041156-S,,
Exponential Smoothing w/ Trend & Seasonality,1.067237458115965,1.0330718552530433,0.6733307569468834,0.04526432488925325,0041217-S,,
Second Degree Approximation,3.2115332839063173,1.7920751334434384,0.9528842222736726,0.008230527036519164,0041221-S,,
Exponential Smoothing w/ Trend & Seasonality,0.2748187397805567,0.5242315707591033,0.28698113969063044,0.11111259286288822,0041222-S,,
Second Degree Approximation,52.297596813568234,7.231707738395422,4.369726345626437,0.008214940493206035,0043121-X,,
Linear Regression,0.30959079077018964,0.5564088341949557,0.39084317937701396,0.005249262443325131,0049037-A,,
Linear Regression,0.43722176008639896,0.661227464709686,0.5647435897435897,0.006314181621820625,0049152-A,,
Exponential Smoothing w/ Trend & Seasonality,0.7204680129825116,0.8488038719177191,0.6336479937465354,0.36583805107268497,0050514-A,,
Least Squares Regression,0.08102406680007466,0.28464726733287754,0.1524703317102632,0.019608791719096463,0050518-A,,
Exponential Smoothing w/ Trend & Seasonality,0.4132842134045776,0.642871848352825,0.5204054559189388,0.4937268385793925,0051024-A,,
Exponential Smoothing w/ Trend & Seasonality,0.39634250013107153,0.6295573843035054,0.49572960848192704,0.15516467077324236,0051112-A,,
Exponential Smoothing w/ Trend & Seasonality,0.39042703424804964,0.6248416073278489,0.38888142081132204,0.6095729657519504,0051114-A,,
Exponential Smoothing w/ Trend & Seasonality,0.5584324653290039,0.7472833902402782,0.36785628911173224,0.06450629739756586,0051156-A,,
Second Degree Approximation,0.4758330034994478,0.6898064971420955,0.3088396230587105,0.017635089549527083,0051165-A,,
Exponential Smoothing w/ Trend & Seasonality,0.13673432278782954,0.3697760440967337,0.2708308754471469,0.10246188118758048,0051171-A,,
Linear Regression,0.061686785042165605,0.24836824483449088,0.12267987326586474,0.00860524039376731,0051307-A,,
Second Degree Approximation,0.050804823023325056,0.22539925249060844,0.04982921574519483,0.0033147646847605516,0056114-A,,
Exponential Smoothing w/ Trend & Seasonality,0.049408499085951484,0.22228022648438947,0.08091875862774427,0.03371092501903439,0056505-A,,
Linear Regression,1.3472835898962023,1.1607254584509648,0.986040326040326,0.009350301546910189,0056573-A,,
Second Degree Approximation,0.8594597070903334,0.9270704973680984,0.5932401461813228,0.03310782952337521,0056846-A,,
Exponential Smoothing w/ Trend & Seasonality,0.055554664622548156,0.23570037043362524,0.10002105600848676,0.38272594863835374,0057001-A,,
Exponential Smoothing w/ Trend & Seasonality,1.2857136640832576,1.1338931449141305,0.7666662004114674,0.17582457430560428,0057165-A,,
Linear Regression,0.022158835644802886,0.14885844163097667,0.04233660522510987,0.00233707422468854,0059059-A,,
Exponential Smoothing w/ Trend & Seasonality,0.0334884555768009,0.18299851249887497,0.16078981957471125,0.7265109461227927,0059188-A,,
Linear Regression,0.6950180297391498,0.8336774134754701,0.5073858488234809,0.06558687112847639,0059209-A,,
Second Degree Approximation,0.014881875728372615,0.1219912936580829,0.04474060946724573,0.017563672619151482,0059322-A,,
Second Degree Approximation,0.1668077123765504,0.4084209989417175,0.16115524931721095,0.012313000828180876,0059472-A,,
Exponential Smoothing w/ Trend & Seasonality,0.042492504809231064,0.20613710197155452,0.06253334232369247,0.2747945845891232,0059482-A,,
Second Degree Approximation,0.5007765047729626,0.7076556399640737,0.39469552064702984,0.017498270526959403,0059506-A,,
Second Degree Approximation,0.1610403904254258,0.40129838079093444,0.2994398190975433,0.14111791773106241,0059514-A,,
Second Degree Approximation,0.2088947659349741,0.45705006939609377,0.4383829938177764,0.059973553292616555,0059560-A,,
Exponential Smoothing w/ Trend & Seasonality,0.7091424413567655,0.8421059561342418,0.7639620403200158,0.08773635684757808,0060737-S,,
Exponential Smoothing w/ Trend & Seasonality,0.689597055835959,0.8304198069867789,0.7222223583832994,0.07194414915534508,0062223-S,,
Exponential Smoothing w/ Trend & Seasonality,0.31667787504546385,0.5627413926889188,0.4946333853334572,0.1833044275143303,0062927-S,,
Second Degree Approximation,0.6292199645949293,0.7932338650076214,0.7055089612006563,0.030311698398225007,0062996-S,,
Linear Regression,0.7607569327003048,0.872213811344618,0.7912960579627246,0.006107878246376153,0063005-S,,
Second Degree Approximation,0.10984566486705534,0.33142972839963425,0.2559288537549406,0.20911121295720148,0063006-S,,
Exponential Smoothing w/ Trend & Seasonality,0.2746742951692732,0.5240937847077307,0.46294986272756256,0.3819828358691353,0063025-F,,
Least Squares Regression,0.8162010785729714,0.9034384752560473,0.85952771913363,0.00015367874811011983,0063138-S,,
Exponential Smoothing w/ Trend & Seasonality,0.15694623870861152,0.39616440868484326,0.31665579985751036,0.25263695853042145,0063149-F,,
Linear Regression,0.7594779582293628,0.8714803257844452,0.7245038450800741,0.008344676822802155,0063157-S,,
Second Degree Approximation,0.5548914649439881,0.7449103737658566,0.6436952457217816,0.009122384028592556,0063159-S,,
Exponential Smoothing w/ Trend & Seasonality,0.03697209411974461,0.19228128905263925,0.0978063153188286,0.037185048964984424,0063164-S,,
Second Degree Approximation,0.3282461726502473,0.5729277202669175,0.30442341579423954,0.07318727722283125,0063216-S,,
Exponential Smoothing w/ Trend & Seasonality,0.2925567131168728,0.5408851200734522,0.41122641284141115,0.31924303293958434,0063404-F,,
Exponential Smoothing w/ Trend & Seasonality,0.6153481981920937,0.7844413287124116,0.6716035282879615,0.046063080314648785,0066166-S,,
Exponential Smoothing w/ Trend & Seasonality,2.1624141669691364,1.4705149325896478,1.0601848809015741,0.06208542155555541,0066696-S,,
Second Degree Approximation,0.29517209196473365,0.5432974249568404,0.34598640157346944,0.10710442180668045,0066702-F,,
Second Degree Approximation,3.4905701282054222,1.868306754311353,1.5142422804899083,0.12735746794864444,0066721-S,,
Linear Regression,0.1786336118431661,0.42265069719943216,0.20050615717782114,0.019693593543601007,0066855-S,,
Second Degree Approximation,0.185566197450465,0.43077395168517907,0.38209518512633084,0.010313613597520033,0067577-S,,
Exponential Smoothing w/ Trend & Seasonality,0.3980253251131168,0.6308924830057153,0.45841877504398365,0.029206524114349208,0067623-S,,
Second Degree Approximation,0.34944287865051593,0.5911369373085359,0.3195636026695315,0.024987717334800208,0068490-S,,
Second Degree Approximation,0.17312262276280035,0.41608006773071976,0.3575466572691364,0.0766793452650647,0069844-A,,
Linear Regression,3.990841755102261,1.9977091267505038,1.54431706730748,0.0025862339686441027,0070260-S,,
Second Degree Approximation,7.893346422389494,2.809509996848115,2.0684395690705384,0.018232014835597332,0070542-S,,
Second Degree Approximation,0.7945808045377865,0.8913926208679239,0.6284005361951663,0.004202332424858124,0070552-S,,
Exponential Smoothing w/ Trend & Seasonality,3.8560368124621167,1.9636794067418737,1.384144143453612,0.050457510710215314,0070564-S,,
Exponential Smoothing w/ Trend & Seasonality,1.1350526687373679,1.0653885060096002,0.7118345178779512,0.04381669149144596,0070870-S,,
Linear Regression,1.9894802372950315,1.4104893609294016,0.9022545694044015,0.0028886295797845296,0071003-S,,
Exponential Smoothing w/ Trend & Seasonality,3.22121179254724,1.7947734655235017,0.955033395087475,0.005116313085133495,0071026-S,,
Second Degree Approximation,1.6029733290291008,1.2660858300404048,0.8369415408619303,0.0010781222277903568,0071321-S,,
Exponential Smoothing w/ Trend & Seasonality,0.6535668529390576,0.8084348167533716,0.45652608239160114,0.013791560958678395,0071323-S,,
Exponential Smoothing w/ Trend & Seasonality,0.8921005072321264,0.9445107237253193,0.6558881903748011,0.02640054165465522,0071456-S,,
Exponential Smoothing w/ Trend & Seasonality,3.18819088037348,1.7855505818580106,0.9410693282837708,0.028648682350665977,0071458-S,,
Second Degree Approximation,4.973134830293218,2.230052651910537,2.1082778488351237,0.03621418017573297,0071563-S,,
Exponential Smoothing w/ Trend & Seasonality,0.7852682245023782,0.886153612249241,0.6103401662273104,0.023093778740823634,0071590-S,,
Exponential Smoothing w/ Trend & Seasonality,0.6491860218994826,0.8057208089031105,0.5329695101295467,0.015970661541837128,0071797-X,,
Exponential Smoothing w/ Trend & Seasonality,0.9833936414951702,0.9916620601269216,0.6395974852952954,0.016436073891583858,0073675-S,,
Linear Regression,6.094942583692541,2.468793750739932,1.2375355683343543,0.00012659747251486664,0073731-S,,
Second Degree Approximation,1.0756830019448893,1.0371513881516474,0.7648293436173946,0.0031690343027117596,0073758-S,,
Exponential Smoothing w/ Trend & Seasonality,14.127746310444381,3.7586894405423257,2.7942928328711543,0.08303215579253309,0073759-S,,
Least Squares Regression,8.641201288325485,2.939592027531284,2.046497876686556,0.011387988200050714,0075202-S,,
Least Squares Regression,3.7521895754990653,1.9370569365661572,1.197771356094256,0.006412567911798783,0075623-S,,
Exponential Smoothing w/ Trend & Seasonality,4.346531132676347,2.084833598318184,1.7083736910825233,0.14377498891190987,0076107-S,,
Second Degree Approximation,2.9466550049166265,1.7165823618214846,1.379090862501922,0.014496653874037979,0076630-S,,
Second Degree Approximation,0.232245933092966,0.48191901092711215,0.39897236512501616,0.00347535851436509,0076631-S,,
Second Degree Approximation,2.7769638741357854,1.6664224776855914,1.3070042842114382,0.0036690029045809425,0076782-S,,
Linear Regression,2.391467574580465,1.5464370580726734,1.171032268648429,0.007293074915019182,0076784-S,,
Exponential Smoothing w/ Trend & Seasonality,8.080938774027246,2.8426992056894176,1.7256205513126508,0.04955862393323207,0076795-S,,
Exponential Smoothing w/ Trend & Seasonality,2.2081642958668244,1.4859893323529696,1.216195291622017,0.25860597734626833,0076798-S,,
Second Degree Approximation,1.5340846200864595,1.2385816969770138,0.9161892468585201,0.015323808539729589,0077254-S,,
Least Squares Regression,0.3065559549784073,0.5536749542632458,0.41659188063968167,0.0012063354759564993,0077271-S,,
Linear Regression,5.018749807463809,2.240256638750081,1.574612556303671,0.0005560329232152661,0077373-S,,
Exponential Smoothing w/ Trend & Seasonality,3.6814007976134735,1.918697682703941,1.5586520170838452,0.022348563631712448,0077390-S,,
Second Degree Approximation,1.7588157080821987,1.3262034942203247,1.0313875082696247,0.0206209255573111,0077480-S,,
Second Degree Approximation,2.634826482495848,1.6232148602375005,1.3276182302239727,0.004239362168273142,0077710-S,,
Second Degree Approximation,6.529661771507945,2.5553202874606433,1.9666984488265782,0.001214241998907184,0077789-S,,
Second Degree Approximation,2.6192756515193985,1.6184176381637092,0.790130979552491,0.001011665714663601,0078315-S,,
Exponential Smoothing w/ Trend & Seasonality,2.12542488619604,1.4578837011902013,1.0607143724591401,0.07012661228923256,0078336-S,,
Exponential Smoothing w/ Trend & Seasonality,11.813651574401986,3.4370992965583618,2.6522869940873868,0.03500697993155055,0078918-S,,
Linear Regression,15.3059880119024,3.912286800824091,2.921830382638492,0.006257405297154794,0078932-S,,
Second Degree Approximation,81.12215364524424,9.006783756993627,6.375766948216121,0.034260075651854405,0083014-F,,
Exponential Smoothing w/ Trend & Seasonality,0.6651542050526076,0.8155698652185523,0.321503187485116,0.010509540979262155,0084088-S,,
Linear Regression,0.12411170603040872,0.3522949134324944,0.23258690704350404,0.008077519168738445,0085363-X,,
Second Degree Approximation,0.10606578218965397,0.3256774204479856,0.21634927816462102,0.0025275431509974577,0086558-X,,
Second Degree Approximation,0.18772107431905574,0.43326790132556064,0.37825790159436873,0.015859382557870783,0086599-X,,
Second Degree Approximation,1.5646630706869087,1.25086492903387,0.4339826974150825,0.028507705364546165,0086712-X,,
Exponential Smoothing w/ Trend & Seasonality,0.25522688151867323,0.5051998431498897,0.2517821162198977,0.12990835845906823,0086715-X,,
Second Degree Approximation,0.46629063268122756,0.6828547669023243,0.5012703241781955,0.0819903169088334,0086724-X,,
Second Degree Approximation,9.290419990490404,3.0480190272520287,2.263734637541517,0.027285086465748565,0111152-F,,
Second Degree Approximation,13.705552883565481,3.7021011444267,1.8706902391112925,0.03632831287430216,0111155-F,,
Linear Regression,385.0870449441885,19.623634855555903,12.552024291497975,0.005867810449740607,0111164-F,,
Exponential Smoothing w/ Trend & Seasonality,33.85666783636157,5.818648282579174,4.533329038650688,0.020351046401575146,0111553-F,,
Linear Regression,164.49346884661568,12.825500724985972,9.759673659673659,0.003130302123412698,0111615-F,,
Exponential Smoothing w/ Trend & Seasonality,4889.250458539555,69.92317540372116,40.00002264301923,0.0013785828146332113,0111644-F,,
Second Degree Approximation,23.90261078175777,4.88902963600731,3.526155289702086,0.18664727200963138,0113112-F,,
Second Degree Approximation,447.5416940304382,21.155181257328856,12.127978991136885,0.0407628300102062,0113116-F,,
Exponential Smoothing w/ Trend & Seasonality,48.016875845704746,6.929421032503708,5.723235167438909,0.1461645604036088,0140741-F,,
Linear Regression,28.753149619611158,5.362196342881447,4.85978021978022,0.021594214332675943,0140746-F,,
Exponential Smoothing w/ Trend & Seasonality,153.7510432644162,12.399638836047451,7.276402521258632,0.07936769020385759,0142121-F,,
Second Degree Approximation,1394.491077280575,37.34288522972716,23.36351286062853,0.011075000735636387,0151815-F,,
Exponential Smoothing w/ Trend & Seasonality,2546.9067943740342,50.466888098772586,31.61721495453662,0.07425612809041016,0153415-F,,
Linear Regression,82.70245509398393,9.094089019466653,8.189800443458978,0.034818955789732375,0210045-F,,
Second Degree Approximation,49.93910014811833,7.066760229986463,5.771847812291026,0.00639246288190487,0210102-F,,
Exponential Smoothing w/ Trend & Seasonality,340.03184326388623,18.439952366095913,12.852091777231216,0.2477171609206057,0210126-F,,
Second Degree Approximation,330.3980015525312,18.17685345576982,9.700001876176136,0.0008124953048451733,0210142-F,,
Exponential Smoothing w/ Trend & Seasonality,476.4589386926369,21.827939405556286,11.213768097125842,0.25345918380331967,0210144-F,,
Linear Regression,349.90706060363857,18.705802859103336,13.396350671449936,0.016658437081004673,0210146-F,,
Second Degree Approximation,1526.0774768616097,39.065041621142676,20.201527953868254,0.01582496337429229,0210158-F,,
Linear Regression,305.35948637115064,17.47453823055564,11.12546230440967,0.018262968199747376,0211027-F,,
Exponential Smoothing w/ Trend & Seasonality,389.2117623771058,19.72845058227092,10.59394227642065,0.05473767485827363,0215052-F,,
Second Degree Approximation,15.093463023815405,3.885030633574902,3.1211484916052625,0.03131849793736596,0230224-F,,
Linear Regression,52.828710920158485,7.26833618651191,5.044023040638051,0.0005181695730104297,0230323-F,,
Second Degree Approximation,9.629436554404244,3.1031333446057783,1.8214431368662267,0.19085984508131004,0232825-F,,
Exponential Smoothing w/ Trend & Seasonality,1701.0851153259937,41.24421311318709,35.88047509502877,0.2796895683748333,0241760-F,,
Exponential Smoothing w/ Trend & Seasonality,2477.6502226574607,49.77600046867427,35.102482502969345,0.12525014143829494,0242925-F,,
Exponential Smoothing w/ Trend & Seasonality,2000.8927352612695,44.73133952008669,16.080003039285025,0.018466239973995546,0251125-F,,
Second Degree Approximation,256.5805744300832,16.018132676129362,9.710739989688324,0.032527508284604045,0251913-F,,
Exponential Smoothing w/ Trend & Seasonality,72.63511803170167,8.522623893596482,6.3999270697625015,0.04348815760722091,0260905-F,,
Second Degree Approximation,11.334944095523337,3.366740871454668,2.794779786903731,0.030893315274104438,0312004-F,,
Exponential Smoothing w/ Trend & Seasonality,167.53692929090178,12.943605729892338,5.489330191774835,0.023424634962359914,0312006-F,,
Linear Regression,21.089147223627744,4.592292153557714,2.696505875077303,0.07404281903426602,0319008-F,,
Second Degree Approximation,340.8320291338835,18.461636686217272,13.682261226622773,0.011201267931586378,0331003-F,,
Linear Regression,3071.1804422825394,55.41823203858581,37.87336170177843,0.016057829865878226,0340434-F,,
Second Degree Approximation,11.682202618696383,3.41792372920994,2.497280450641796,0.011865744464620298,0381076-S,,
Second Degree Approximation,17.60934139896729,4.196348579296921,2.977183827994708,0.0017181203264959866,0381378-S,,
Exponential Smoothing w/ Trend & Seasonality,5.1230099344511455,2.2634067099068047,1.5299918267877044,0.06588992648184244,0381438-F,,
Exponential Smoothing w/ Trend & Seasonality,0.785765285391728,0.8864340276589837,0.8571771023604179,0.28699075955195064,0381449-S,,
Exponential Smoothing w/ Trend & Seasonality,5.583637441187157,2.3629721625925173,1.833325759390471,0.26098916219581736,0381491-S,,
Least Squares Regression,2634.4065934065934,51.32647068917357,41.69230769230767,0.016488205128205258,0390474-F,,
Second Degree Approximation,413.5188473202882,20.335162829942824,16.209403846388394,0.05241104817452591,0392444-F,,
Exponential Smoothing w/ Trend & Seasonality,1733.082065131865,41.63030224646303,16.60956226596803,0.16021124092268002,0503005-F,,
Second Degree Approximation,1.5778411688516676,1.2561214785408565,0.947093486223921,0.14095314140298099,0930594-F,,
Second Degree Approximation,2530.6354645821248,50.30542182093422,35.908620590980206,0.00014076338142987588,0970205-F,,
Second Degree Approximation,450.7615535660174,21.231145837331,16.740163890550832,0.08380643810623645,0970212-F,,
Exponential Smoothing w/ Trend & Seasonality,1360.6104656344662,36.886453687423874,20.945340088076666,0.03245477999326851,0972212-F,,
Exponential Smoothing w/ Trend & Seasonality,1042.9466610194984,32.294684717759644,19.842085633075747,0.05176417090011021,0977199-F,,
Exponential Smoothing w/ Trend & Seasonality,82.74105194986487,9.096210856717475,6.269051873233831,0.43515441868892246,0977209-F,,
Least Squares Regression,34711.3943328998,186.3099415836412,137.64729421684848,0.008682964842703034,0977242-F,,
Second Degree Approximation,0.6958186885836306,0.8341574722938293,0.5312288692872091,0.017193325201330545,0986298-A,,
Second Degree Approximation,0.2545941109047112,0.5045731967759596,0.40745117848231555,0.025040297312809434,85328NP-X,,
Second Degree Approximation,0.15950506529510197,0.39938085243925,0.2731499210335299,0.012842322797525063,85506NP-X,,
Second Degree Approximation,0.26551454932759655,0.5152810391694969,0.22817735139047926,0.01788335910296046,85669BU-X,,
Exponential Smoothing w/ Trend & Seasonality,2.06966556973798,1.4386332297489794,0.8212076772177411,0.0698075745149428,85788BU-X,,
Exponential Smoothing w/ Trend & Seasonality,0.13048300381658326,0.36122431232764945,0.20289328609686674,0.002521545968604655,85887NP-X,,
Linear Regression,0.23383967719140672,0.4835697231955354,0.47629697339788296,0.007910261780417649,85893NP-X,,
Exponential Smoothing w/ Trend & Seasonality,1.5020126037085502,1.225566237993096,0.4210746379679036,0.006322797028422755,86345BU-X,,
Least Squares Regression,0.20268712346945905,0.4502078669564305,0.3035131084585948,0.004047347805046675,86345NP-X,,
Second Degree Approximation,0.12450213005900308,0.35284859367581883,0.29441926854742984,0.04906782177661417,86653NP-X,,
Second Degree Approximation,0.888668335188506,0.9426920680627933,0.8517997314957187,0.14448436269076192,86754BU-X,,
Second Degree Approximation,0.12535769905159602,0.35405889206683683,0.14766688660853713,9.670137016060121e-05,86780BU-X,,
Second Degree Approximation,0.23602742578942848,0.4858265387866625,0.28438122032217117,0.015195913085488177,86783NP-X,,
Exponential Smoothing w/ Trend & Seasonality,0.12188650240759531,0.3491224747958735,0.17635228992337001,0.027784358377175078,86793NP-X,,
Exponential Smoothing w/ Trend & Seasonality,0.14056284788304174,0.37491712135222865,0.20373224103962792,0.01848356219600178,86798NP-X,,
Exponential Smoothing w/ Trend & Seasonality,0.14685902985458224,0.38322190680411555,0.14149860391251332,0.01269672065990135,86799NP-X,,
Second Degree Approximation,0.0645037811663531,0.2539759460388977,0.11455526525490711,0.0274814531842148,86804NP-X,,
